metode,no,tipe,query,preprocessed,contoh,kode_gt,rank,top1,top3,top10,rr
1. SQL LIKE (Baseline),1,KBLI,MENCABUT RUMPUT LIAR DI SAWAH(MATON),,,01122,0,0,0,0,0.0
1. SQL LIKE (Baseline),2,KBJI,MENCABUT RUMPUT LIAR DI SAWAH(MATON),,,9211,0,0,0,0,0.0
1. SQL LIKE (Baseline),3,KBLI,"MEMBUAT LEMARI KACA/ ETALASE, MENGANTAR PESANAN LEMARI KACA",,,31011,0,0,0,0,0.0
1. SQL LIKE (Baseline),4,KBJI,"MEMBUAT LEMARI KACA/ ETALASE, MENGANTAR PESANAN LEMARI KACA",,,7523,0,0,0,0,0.0
1. SQL LIKE (Baseline),5,KBLI,PERTANIAN,,,01122,0,0,0,0,0.0
1. SQL LIKE (Baseline),6,KBJI,PERTANIAN,,,9211,0,0,0,0,0.0
1. SQL LIKE (Baseline),7,KBLI,MEMBUAT RESOLES UNTUK DIJUAL DIPASAR KAMPUNG,,,47249,0,0,0,0,0.0
1. SQL LIKE (Baseline),8,KBJI,MEMBUAT RESOLES UNTUK DIJUAL DIPASAR KAMPUNG,,,5212,0,0,0,0,0.0
1. SQL LIKE (Baseline),9,KBLI,MENGAJAR MATA PELAJARAN PKN DI MTS TAHASSUS ALQURAN,,,85316,0,0,0,0,0.0
1. SQL LIKE (Baseline),10,KBJI,MENGAJAR MATA PELAJARAN PKN DI MTS TAHASSUS ALQURAN,,,2330,0,0,0,0,0.0
1. SQL LIKE (Baseline),11,KBLI,"KARYAWAN BAGIAN PRODUKSI, PEMOTONGAN KAYU SESUAI UKURAN AKHIR DIPABRIK KAYU LAI",,,16211,0,0,0,0,0.0
1. SQL LIKE (Baseline),12,KBJI,"KARYAWAN BAGIAN PRODUKSI, PEMOTONGAN KAYU SESUAI UKURAN AKHIR DIPABRIK KAYU LAI",,,9329,0,0,0,0,0.0
1. SQL LIKE (Baseline),13,KBLI,PERTANIAN PADI,,,01122,2,0,1,1,0.5
1. SQL LIKE (Baseline),14,KBJI,PERTANIAN PADI,,,6111,0,0,0,0,0.0
1. SQL LIKE (Baseline),15,KBLI,PERTANIAN BAWANG MERAH HORTIKULTURAL DI SAWAH MILIK ORANG LAIN,,,01134,0,0,0,0,0.0
1. SQL LIKE (Baseline),16,KBJI,PERTANIAN BAWANG MERAH HORTIKULTURAL DI SAWAH MILIK ORANG LAIN,,,9211,0,0,0,0,0.0
1. SQL LIKE (Baseline),17,KBLI,KONTRUKSI RUMAH DI DESA,,,41011,0,0,0,0,0.0
1. SQL LIKE (Baseline),18,KBJI,KONTRUKSI RUMAH DI DESA,,,7112,0,0,0,0,0.0
1. SQL LIKE (Baseline),19,KBLI,PERDAGANGAN BARANG BEKAS UNTUK DIJUAL LAGI,,,47749,0,0,0,0,0.0
1. SQL LIKE (Baseline),20,KBJI,PERDAGANGAN BARANG BEKAS UNTUK DIJUAL LAGI,,,5249,0,0,0,0,0.0
1. SQL LIKE (Baseline),21,KBLI,PEDAGANG MOTOR DI RUMAH SENDIRI,,,47832,0,0,0,0,0.0
1. SQL LIKE (Baseline),22,KBJI,PEDAGANG MOTOR DI RUMAH SENDIRI,,,5249,0,0,0,0,0.0
1. SQL LIKE (Baseline),23,KBLI,JASA TRANSPORTASI,,,49231,0,0,0,0,0.0
1. SQL LIKE (Baseline),24,KBJI,JASA TRANSPORTASI,,,8322,0,0,0,0,0.0
1. SQL LIKE (Baseline),25,KBLI,PENYEDIA BHAN BAKU MAKANAN,,,47213,0,0,0,0,0.0
1. SQL LIKE (Baseline),26,KBJI,PENYEDIA BHAN BAKU MAKANAN,,,9520,0,0,0,0,0.0
1. SQL LIKE (Baseline),27,KBLI,TUKANG BATU,,,41011,0,0,0,0,0.0
1. SQL LIKE (Baseline),28,KBJI,TUKANG BATU,,,7111,0,0,0,0,0.0
1. SQL LIKE (Baseline),29,KBLI,PERTANIAN BAWANG MERAH HORTIKULTURAL SAWAH MILIK ORANG LAIN,,,01134,0,0,0,0,0.0
1. SQL LIKE (Baseline),30,KBJI,PERTANIAN BAWANG MERAH HORTIKULTURAL SAWAH MILIK ORANG LAIN,,,9211,0,0,0,0,0.0
1. SQL LIKE (Baseline),31,KBLI,PERTANIAN PADI DI SAWAH MILIK SENDIRI,,,01122,0,0,0,0,0.0
1. SQL LIKE (Baseline),32,KBJI,PERTANIAN PADI DI SAWAH MILIK SENDIRI,,,6111,0,0,0,0,0.0
1. SQL LIKE (Baseline),33,KBLI,BURUH (PELAYAN DI TOKO KLONTONG),,,47112,0,0,0,0,0.0
1. SQL LIKE (Baseline),34,KBJI,BURUH (PELAYAN DI TOKO KLONTONG),,,5223,0,0,0,0,0.0
1. SQL LIKE (Baseline),35,KBLI,MENCUCI MOTOR DAN MOBIL,,,81290,0,0,0,0,0.0
1. SQL LIKE (Baseline),36,KBJI,MENCUCI MOTOR DAN MOBIL,,,9122,0,0,0,0,0.0
1. SQL LIKE (Baseline),37,KBLI,MENJUAL BOTOK PELAS DAN PECEL,,,56101,0,0,0,0,0.0
1. SQL LIKE (Baseline),38,KBJI,MENJUAL BOTOK PELAS DAN PECEL,,,5212,0,0,0,0,0.0
1. SQL LIKE (Baseline),39,KBLI,PENYEDIAAN MAKANAN,,,56210,3,0,1,1,0.3333
1. SQL LIKE (Baseline),40,KBJI,PENYEDIAAN MAKANAN,,,9412,0,0,0,0,0.0
1. SQL LIKE (Baseline),41,KBLI,"BURUH BANGUNAN, MENGADUK SEMEN",,,41011,0,0,0,0,0.0
1. SQL LIKE (Baseline),42,KBJI,"BURUH BANGUNAN, MENGADUK SEMEN",,,7111,0,0,0,0,0.0
1. SQL LIKE (Baseline),43,KBLI,MENJUAL ES TEH JUMBO,,,56303,0,0,0,0,0.0
1. SQL LIKE (Baseline),44,KBJI,MENJUAL ES TEH JUMBO,,,5223,0,0,0,0,0.0
1. SQL LIKE (Baseline),45,KBLI,JASA ANTAR UNDANGAN ACARA,,,96909,0,0,0,0,0.0
1. SQL LIKE (Baseline),46,KBJI,JASA ANTAR UNDANGAN ACARA,,,5169,0,0,0,0,0.0
1. SQL LIKE (Baseline),47,KBLI,JASA KONTRUKSI TUKANG BANGUNAN HARIAN,,,41011,0,0,0,0,0.0
1. SQL LIKE (Baseline),48,KBJI,JASA KONTRUKSI TUKANG BANGUNAN HARIAN,,,7111,0,0,0,0,0.0
1. SQL LIKE (Baseline),49,KBLI,PEYEDIA MAKANAN SIOMAY KELILING DENGAN SEPEDA,,,56102,0,0,0,0,0.0
1. SQL LIKE (Baseline),50,KBJI,PEYEDIA MAKANAN SIOMAY KELILING DENGAN SEPEDA,,,5212,0,0,0,0,0.0
1. SQL LIKE (Baseline),51,KBLI,"MENCAMPUR SEMEN, MENGANGKUT MATERIAL, MEMASANG BATA, PLESTER DINDING, DAN MEN",,,41011,0,0,0,0,0.0
1. SQL LIKE (Baseline),52,KBJI,"MENCAMPUR SEMEN, MENGANGKUT MATERIAL, MEMASANG BATA, PLESTER DINDING, DAN MEN",,,7111,0,0,0,0,0.0
1. SQL LIKE (Baseline),53,KBLI,MENGOPERASIKAN DAN MEMPERBAIKI MESIN PRODUKSI DAN PERAWATAN BERKALA,,,16101,0,0,0,0,0.0
1. SQL LIKE (Baseline),54,KBJI,MENGOPERASIKAN DAN MEMPERBAIKI MESIN PRODUKSI DAN PERAWATAN BERKALA,,,3122,0,0,0,0,0.0
1. SQL LIKE (Baseline),55,KBLI,PERTANIAN BAWANG MERAH MILIK ORANG LAIN,,,01134,0,0,0,0,0.0
1. SQL LIKE (Baseline),56,KBJI,PERTANIAN BAWANG MERAH MILIK ORANG LAIN,,,9211,0,0,0,0,0.0
1. SQL LIKE (Baseline),57,KBLI,KONTRUSI RUMAH,,,41011,0,0,0,0,0.0
1. SQL LIKE (Baseline),58,KBJI,KONTRUSI RUMAH,,,7112,0,0,0,0,0.0
1. SQL LIKE (Baseline),59,KBLI,INDUSTRI AIR ISI ULANG,,,11052,0,0,0,0,0.0
1. SQL LIKE (Baseline),60,KBJI,INDUSTRI AIR ISI ULANG,,,8183,0,0,0,0,0.0
2. Hybrid Search,1,KBLI,MENCABUT RUMPUT LIAR DI SAWAH(MATON),,,01122,1,1,1,1,1.0
2. Hybrid Search,2,KBJI,MENCABUT RUMPUT LIAR DI SAWAH(MATON),,,9211,1,1,1,1,1.0
2. Hybrid Search,3,KBLI,"MEMBUAT LEMARI KACA/ ETALASE, MENGANTAR PESANAN LEMARI KACA",,,31011,1,1,1,1,1.0
2. Hybrid Search,4,KBJI,"MEMBUAT LEMARI KACA/ ETALASE, MENGANTAR PESANAN LEMARI KACA",,,7523,1,1,1,1,1.0
2. Hybrid Search,5,KBLI,PERTANIAN,,,01122,0,0,0,0,0.0
2. Hybrid Search,6,KBJI,PERTANIAN,,,9211,0,0,0,0,0.0
2. Hybrid Search,7,KBLI,MEMBUAT RESOLES UNTUK DIJUAL DIPASAR KAMPUNG,,,47249,1,1,1,1,1.0
2. Hybrid Search,8,KBJI,MEMBUAT RESOLES UNTUK DIJUAL DIPASAR KAMPUNG,,,5212,1,1,1,1,1.0
2. Hybrid Search,9,KBLI,MENGAJAR MATA PELAJARAN PKN DI MTS TAHASSUS ALQURAN,,,85316,1,1,1,1,1.0
2. Hybrid Search,10,KBJI,MENGAJAR MATA PELAJARAN PKN DI MTS TAHASSUS ALQURAN,,,2330,0,0,0,0,0.0
2. Hybrid Search,11,KBLI,"KARYAWAN BAGIAN PRODUKSI, PEMOTONGAN KAYU SESUAI UKURAN AKHIR DIPABRIK KAYU LAI",,,16211,1,1,1,1,1.0
2. Hybrid Search,12,KBJI,"KARYAWAN BAGIAN PRODUKSI, PEMOTONGAN KAYU SESUAI UKURAN AKHIR DIPABRIK KAYU LAI",,,9329,1,1,1,1,1.0
2. Hybrid Search,13,KBLI,PERTANIAN PADI,,,01122,2,0,1,1,0.5
2. Hybrid Search,14,KBJI,PERTANIAN PADI,,,6111,3,0,1,1,0.3333
2. Hybrid Search,15,KBLI,PERTANIAN BAWANG MERAH HORTIKULTURAL DI SAWAH MILIK ORANG LAIN,,,01134,1,1,1,1,1.0
2. Hybrid Search,16,KBJI,PERTANIAN BAWANG MERAH HORTIKULTURAL DI SAWAH MILIK ORANG LAIN,,,9211,1,1,1,1,1.0
2. Hybrid Search,17,KBLI,KONTRUKSI RUMAH DI DESA,,,41011,1,1,1,1,1.0
2. Hybrid Search,18,KBJI,KONTRUKSI RUMAH DI DESA,,,7112,1,1,1,1,1.0
2. Hybrid Search,19,KBLI,PERDAGANGAN BARANG BEKAS UNTUK DIJUAL LAGI,,,47749,1,1,1,1,1.0
2. Hybrid Search,20,KBJI,PERDAGANGAN BARANG BEKAS UNTUK DIJUAL LAGI,,,5249,1,1,1,1,1.0
2. Hybrid Search,21,KBLI,PEDAGANG MOTOR DI RUMAH SENDIRI,,,47832,1,1,1,1,1.0
2. Hybrid Search,22,KBJI,PEDAGANG MOTOR DI RUMAH SENDIRI,,,5249,1,1,1,1,1.0
2. Hybrid Search,23,KBLI,JASA TRANSPORTASI,,,49231,1,1,1,1,1.0
2. Hybrid Search,24,KBJI,JASA TRANSPORTASI,,,8322,8,0,0,1,0.125
2. Hybrid Search,25,KBLI,PENYEDIA BHAN BAKU MAKANAN,,,47213,1,1,1,1,1.0
2. Hybrid Search,26,KBJI,PENYEDIA BHAN BAKU MAKANAN,,,9520,1,1,1,1,1.0
2. Hybrid Search,27,KBLI,TUKANG BATU,,,41011,1,1,1,1,1.0
2. Hybrid Search,28,KBJI,TUKANG BATU,,,7111,5,0,0,1,0.2
2. Hybrid Search,29,KBLI,PERTANIAN BAWANG MERAH HORTIKULTURAL SAWAH MILIK ORANG LAIN,,,01134,1,1,1,1,1.0
2. Hybrid Search,30,KBJI,PERTANIAN BAWANG MERAH HORTIKULTURAL SAWAH MILIK ORANG LAIN,,,9211,1,1,1,1,1.0
2. Hybrid Search,31,KBLI,PERTANIAN PADI DI SAWAH MILIK SENDIRI,,,01122,1,1,1,1,1.0
2. Hybrid Search,32,KBJI,PERTANIAN PADI DI SAWAH MILIK SENDIRI,,,6111,1,1,1,1,1.0
2. Hybrid Search,33,KBLI,BURUH (PELAYAN DI TOKO KLONTONG),,,47112,1,1,1,1,1.0
2. Hybrid Search,34,KBJI,BURUH (PELAYAN DI TOKO KLONTONG),,,5223,1,1,1,1,1.0
2. Hybrid Search,35,KBLI,MENCUCI MOTOR DAN MOBIL,,,81290,1,1,1,1,1.0
2. Hybrid Search,36,KBJI,MENCUCI MOTOR DAN MOBIL,,,9122,2,0,1,1,0.5
2. Hybrid Search,37,KBLI,MENJUAL BOTOK PELAS DAN PECEL,,,56101,1,1,1,1,1.0
2. Hybrid Search,38,KBJI,MENJUAL BOTOK PELAS DAN PECEL,,,5212,1,1,1,1,1.0
2. Hybrid Search,39,KBLI,PENYEDIAAN MAKANAN,,,56210,1,1,1,1,1.0
2. Hybrid Search,40,KBJI,PENYEDIAAN MAKANAN,,,9412,2,0,1,1,0.5
2. Hybrid Search,41,KBLI,"BURUH BANGUNAN, MENGADUK SEMEN",,,41011,1,1,1,1,1.0
2. Hybrid Search,42,KBJI,"BURUH BANGUNAN, MENGADUK SEMEN",,,7111,1,1,1,1,1.0
2. Hybrid Search,43,KBLI,MENJUAL ES TEH JUMBO,,,56303,1,1,1,1,1.0
2. Hybrid Search,44,KBJI,MENJUAL ES TEH JUMBO,,,5223,1,1,1,1,1.0
2. Hybrid Search,45,KBLI,JASA ANTAR UNDANGAN ACARA,,,96909,0,0,0,0,0.0
2. Hybrid Search,46,KBJI,JASA ANTAR UNDANGAN ACARA,,,5169,1,1,1,1,1.0
2. Hybrid Search,47,KBLI,JASA KONTRUKSI TUKANG BANGUNAN HARIAN,,,41011,1,1,1,1,1.0
2. Hybrid Search,48,KBJI,JASA KONTRUKSI TUKANG BANGUNAN HARIAN,,,7111,1,1,1,1,1.0
2. Hybrid Search,49,KBLI,PEYEDIA MAKANAN SIOMAY KELILING DENGAN SEPEDA,,,56102,1,1,1,1,1.0
2. Hybrid Search,50,KBJI,PEYEDIA MAKANAN SIOMAY KELILING DENGAN SEPEDA,,,5212,1,1,1,1,1.0
2. Hybrid Search,51,KBLI,"MENCAMPUR SEMEN, MENGANGKUT MATERIAL, MEMASANG BATA, PLESTER DINDING, DAN MEN",,,41011,1,1,1,1,1.0
2. Hybrid Search,52,KBJI,"MENCAMPUR SEMEN, MENGANGKUT MATERIAL, MEMASANG BATA, PLESTER DINDING, DAN MEN",,,7111,1,1,1,1,1.0
2. Hybrid Search,53,KBLI,MENGOPERASIKAN DAN MEMPERBAIKI MESIN PRODUKSI DAN PERAWATAN BERKALA,,,16101,1,1,1,1,1.0
2. Hybrid Search,54,KBJI,MENGOPERASIKAN DAN MEMPERBAIKI MESIN PRODUKSI DAN PERAWATAN BERKALA,,,3122,1,1,1,1,1.0
2. Hybrid Search,55,KBLI,PERTANIAN BAWANG MERAH MILIK ORANG LAIN,,,01134,1,1,1,1,1.0
2. Hybrid Search,56,KBJI,PERTANIAN BAWANG MERAH MILIK ORANG LAIN,,,9211,1,1,1,1,1.0
2. Hybrid Search,57,KBLI,KONTRUSI RUMAH,,,41011,1,1,1,1,1.0
2. Hybrid Search,58,KBJI,KONTRUSI RUMAH,,,7112,1,1,1,1,1.0
2. Hybrid Search,59,KBLI,INDUSTRI AIR ISI ULANG,,,11052,1,1,1,1,1.0
2. Hybrid Search,60,KBJI,INDUSTRI AIR ISI ULANG,,,8183,2,0,1,1,0.5
3. SQL LIKE + Preprocessing,1,KBLI,MENCABUT RUMPUT LIAR DI SAWAH(MATON),"liar maton mencabut pertanian rumput sawah tanaman pangan | +KBLI: lahan tani padi, sawah padi, usaha tani",,01122,1,1,1,1,1.0
3. SQL LIKE + Preprocessing,2,KBJI,MENCABUT RUMPUT LIAR DI SAWAH(MATON),"liar maton mencabut pertanian rumput sawah tanaman pangan | +KBJI: buruh matun sawah, pekerja sawah, tukang cabut rumput",,9211,2,0,1,1,0.5
3. SQL LIKE + Preprocessing,3,KBLI,"MEMBUAT LEMARI KACA/ ETALASE, MENGANTAR PESANAN LEMARI KACA","etalase kaca lemari membuat mengantar pesanan | +KBLI: bengkel kaca etalase, toko lemari kaca, usaha rak kaca",,31011,1,1,1,1,1.0
3. SQL LIKE + Preprocessing,4,KBJI,"MEMBUAT LEMARI KACA/ ETALASE, MENGANTAR PESANAN LEMARI KACA","etalase kaca lemari membuat mengantar pesanan | +KBJI: pengrajin lemari kaca, sopir antar lemari, tukang bikin etalase",,7523,1,1,1,1,1.0
3. SQL LIKE + Preprocessing,5,KBLI,PERTANIAN,"pertanian | +KBLI: lahan kebun, sektor pertanian, usaha tani",,01122,0,0,0,0,0.0
3. SQL LIKE + Preprocessing,6,KBJI,PERTANIAN,"pertanian | +KBJI: buruh tani, pekerja ladang, petani",,9211,0,0,0,0,0.0
3. SQL LIKE + Preprocessing,7,KBLI,MEMBUAT RESOLES UNTUK DIJUAL DIPASAR KAMPUNG,"dijual dipasar kampung membuat resoles | +KBLI: katering gorengan, produksi risoles, usaha jajanan pasar",,47249,1,1,1,1,1.0
3. SQL LIKE + Preprocessing,8,KBJI,MEMBUAT RESOLES UNTUK DIJUAL DIPASAR KAMPUNG,"dijual dipasar kampung membuat resoles | +KBJI: pembuat gorengan, penjual snack, tukang masak risoles",,5212,1,1,1,1,1.0
3. SQL LIKE + Preprocessing,9,KBLI,MENGAJAR MATA PELAJARAN PKN DI MTS TAHASSUS ALQURAN,"alquran mata mengajar mts pelajaran pkn tahassus | +KBLI: instansi pendidikan, lembaga sekolah, sekolah mts",,85316,1,1,1,1,1.0
3. SQL LIKE + Preprocessing,10,KBJI,MENGAJAR MATA PELAJARAN PKN DI MTS TAHASSUS ALQURAN,"alquran mata mengajar mts pelajaran pkn tahassus | +KBJI: guru pkn, pendidik honorer, pengajar madrasah",,2330,0,0,0,0,0.0
3. SQL LIKE + Preprocessing,11,KBLI,"KARYAWAN BAGIAN PRODUKSI, PEMOTONGAN KAYU SESUAI UKURAN AKHIR DIPABRIK KAYU LAI",akhir dipabrik karyawan kayu lai pemotongan produksi sesuai,,16211,1,1,1,1,1.0
3. SQL LIKE + Preprocessing,12,KBJI,"KARYAWAN BAGIAN PRODUKSI, PEMOTONGAN KAYU SESUAI UKURAN AKHIR DIPABRIK KAYU LAI",akhir dipabrik karyawan kayu lai pemotongan produksi sesuai,,9329,1,1,1,1,1.0
3. SQL LIKE + Preprocessing,13,KBLI,PERTANIAN PADI,"padi pertanian | +KBLI: lahan kebun, lahan sawah padi, pertanian pangan",,01122,2,0,1,1,0.5
3. SQL LIKE + Preprocessing,14,KBJI,PERTANIAN PADI,"padi pertanian | +KBJI: buruh tanam padi, buruh tani, pekerja ladang",,6111,2,0,1,1,0.5
3. SQL LIKE + Preprocessing,15,KBLI,PERTANIAN BAWANG MERAH HORTIKULTURAL DI SAWAH MILIK ORANG LAIN,"bawang hortikultural merah milik pertanian sawah tanaman pangan | +KBLI: kebun bawang merah, lahan bawang, lahan kebun",,01134,1,1,1,1,1.0
3. SQL LIKE + Preprocessing,16,KBJI,PERTANIAN BAWANG MERAH HORTIKULTURAL DI SAWAH MILIK ORANG LAIN,"bawang hortikultural merah milik pertanian sawah tanaman pangan | +KBJI: buruh harian bawang, buruh petik bawang, buruh tani",,9211,1,1,1,1,1.0
3. SQL LIKE + Preprocessing,17,KBLI,KONTRUKSI RUMAH DI DESA,"bangunan desa hunian konstruksi kontruksi rumah | +KBLI: jasa bangun rumah, kontraktor kampung, proyek bangun rumah",,41011,1,1,1,1,1.0
3. SQL LIKE + Preprocessing,18,KBJI,KONTRUKSI RUMAH DI DESA,"bangunan desa hunian konstruksi kontruksi rumah | +KBJI: kepala tukang, kuli bangunan proyek, tukang bangunan rumah",,7112,1,1,1,1,1.0
3. SQL LIKE + Preprocessing,19,KBLI,PERDAGANGAN BARANG BEKAS UNTUK DIJUAL LAGI,"barang bekas dijual lagi perdagangan | +KBLI: lapak loak, toko barang bekas, usaha jual beli second",,47749,1,1,1,1,1.0
3. SQL LIKE + Preprocessing,20,KBJI,PERDAGANGAN BARANG BEKAS UNTUK DIJUAL LAGI,"barang bekas dijual lagi perdagangan | +KBJI: bakul loak, pedagang barang second, penjual barang bekas",,5249,1,1,1,1,1.0
3. SQL LIKE + Preprocessing,21,KBLI,PEDAGANG MOTOR DI RUMAH SENDIRI,"bangunan bermotor hunian kendaraan konstruksi motor roda dua rumah | +KBLI: bisnis motor second, jual beli motor bekas, showroom motor rumahan",,47832,1,1,1,1,1.0
3. SQL LIKE + Preprocessing,22,KBJI,PEDAGANG MOTOR DI RUMAH SENDIRI,"bangunan bermotor hunian kendaraan konstruksi motor roda dua rumah | +KBJI: makelar motor bekas, pedagang motor rumah, penjual sepeda motor",,5249,1,1,1,1,1.0
3. SQL LIKE + Preprocessing,23,KBLI,JASA TRANSPORTASI,"transportasi | +KBLI: armada transportasi, jasa pengiriman logistik, usaha angkutan barang",,49231,1,1,1,1,1.0
3. SQL LIKE + Preprocessing,24,KBJI,JASA TRANSPORTASI,"transportasi | +KBJI: driver logistik, pengemudi antar barang, sopir truk angkutan",,8322,3,0,1,1,0.3333
3. SQL LIKE + Preprocessing,25,KBLI,PENYEDIA BHAN BAKU MAKANAN,baku bhan makanan penyedia,,47213,1,1,1,1,1.0
3. SQL LIKE + Preprocessing,26,KBJI,PENYEDIA BHAN BAKU MAKANAN,baku bhan makanan penyedia,,9520,1,1,1,1,1.0
3. SQL LIKE + Preprocessing,27,KBLI,TUKANG BATU,"batu | +KBLI: jasa pengerjaan batu, proyek bangunan fisik, usaha renovasi",,41011,1,1,1,1,1.0
3. SQL LIKE + Preprocessing,28,KBJI,TUKANG BATU,"batu | +KBJI: pekerja bangunan batu, tukang batu konstruksi, tukang plester",,7111,2,0,1,1,0.5
3. SQL LIKE + Preprocessing,29,KBLI,PERTANIAN BAWANG MERAH HORTIKULTURAL SAWAH MILIK ORANG LAIN,"bawang hortikultural merah milik pertanian sawah tanaman pangan | +KBLI: kebun bawang merah, lahan bawang, lahan kebun",,01134,1,1,1,1,1.0
3. SQL LIKE + Preprocessing,30,KBJI,PERTANIAN BAWANG MERAH HORTIKULTURAL SAWAH MILIK ORANG LAIN,"bawang hortikultural merah milik pertanian sawah tanaman pangan | +KBJI: buruh harian bawang, buruh petik bawang, buruh tani",,9211,1,1,1,1,1.0
3. SQL LIKE + Preprocessing,31,KBLI,PERTANIAN PADI DI SAWAH MILIK SENDIRI,"milik padi pertanian sawah sendiri tanaman pangan | +KBLI: lahan kebun, lahan sawah padi, pertanian pangan",,01122,1,1,1,1,1.0
3. SQL LIKE + Preprocessing,32,KBJI,PERTANIAN PADI DI SAWAH MILIK SENDIRI,"milik padi pertanian sawah sendiri tanaman pangan | +KBJI: buruh tanam padi, buruh tani, pekerja ladang",,6111,1,1,1,1,1.0
3. SQL LIKE + Preprocessing,33,KBLI,BURUH (PELAYAN DI TOKO KLONTONG),"buruh eceran kelontong klontong manisan pelayan toko | +KBLI: retail kelontong, toko kebutuhan harian, warung kelontong sembako",,47112,1,1,1,1,1.0
3. SQL LIKE + Preprocessing,34,KBJI,BURUH (PELAYAN DI TOKO KLONTONG),"buruh eceran kelontong klontong manisan pelayan toko | +KBJI: asisten penjualan, pelayan toko sembako, penjaga warung kelontong",,5223,5,0,0,1,0.2
3. SQL LIKE + Preprocessing,35,KBLI,MENCUCI MOTOR DAN MOBIL,"angkutan bermotor kendaraan mencuci mobil motor roda dua | +KBLI: bisnis motor second, jual beli motor bekas, showroom motor rumahan",,81290,1,1,1,1,1.0
3. SQL LIKE + Preprocessing,36,KBJI,MENCUCI MOTOR DAN MOBIL,"angkutan bermotor kendaraan mencuci mobil motor roda dua | +KBJI: makelar motor bekas, pedagang motor rumah, penjual sepeda motor",,9122,1,1,1,1,1.0
3. SQL LIKE + Preprocessing,37,KBLI,MENJUAL BOTOK PELAS DAN PECEL,"botok menjual pecel pelas | +KBLI: kedai nasi pecel, usaha kuliner tradisional, warung pecel botok",,56101,1,1,1,1,1.0
3. SQL LIKE + Preprocessing,38,KBJI,MENJUAL BOTOK PELAS DAN PECEL,"botok menjual pecel pelas | +KBJI: pedagang botok keliling, penjual nasi pecel, penjual pecel pelas",,5212,1,1,1,1,1.0
3. SQL LIKE + Preprocessing,39,KBLI,PENYEDIAAN MAKANAN,"makanan penyediaan | +KBLI: bisnis makanan siap saji, industri jasa boga, katering acara",,56210,3,0,1,1,0.3333
3. SQL LIKE + Preprocessing,40,KBJI,PENYEDIAAN MAKANAN,"makanan penyediaan | +KBJI: juru masak katering, koki pelayanan, staf makanan katering",,9412,1,1,1,1,1.0
3. SQL LIKE + Preprocessing,41,KBLI,"BURUH BANGUNAN, MENGADUK SEMEN","bangunan buruh mengaduk semen | +KBLI: bengkel konstruksi, jasa renovasi harian, layanan perbaikan rumah",,41011,1,1,1,1,1.0
3. SQL LIKE + Preprocessing,42,KBJI,"BURUH BANGUNAN, MENGADUK SEMEN","bangunan buruh mengaduk semen | +KBJI: kuli aduk semen, pekerja bangunan harian, pekerja kasar",,7111,5,0,0,1,0.2
3. SQL LIKE + Preprocessing,43,KBLI,MENJUAL ES TEH JUMBO,"es jumbo menjual teh | +KBLI: franchise es teh, kedai minuman es teh, stand es teh jumbo",,56303,1,1,1,1,1.0
3. SQL LIKE + Preprocessing,44,KBJI,MENJUAL ES TEH JUMBO,"es jumbo menjual teh | +KBJI: pedagang es teh, penjaga stand minuman, penjual es teh jumbo",,5223,1,1,1,1,1.0
3. SQL LIKE + Preprocessing,45,KBLI,JASA ANTAR UNDANGAN ACARA,"acara antar undangan | +KBLI: biro antar undangan, jasa kurir undangan, usaha jasa perorangan",,96909,0,0,0,0,0.0
3. SQL LIKE + Preprocessing,46,KBJI,JASA ANTAR UNDANGAN ACARA,"acara antar undangan | +KBJI: kurir sebar undangan, pengirim undangan, tenaga antar undangan",,5169,1,1,1,1,1.0
3. SQL LIKE + Preprocessing,47,KBLI,JASA KONTRUKSI TUKANG BANGUNAN HARIAN,"bangunan harian kontruksi | +KBLI: jasa renovasi harian, layanan perbaikan rumah, usaha tukang borongan",,41011,1,1,1,1,1.0
3. SQL LIKE + Preprocessing,48,KBJI,JASA KONTRUKSI TUKANG BANGUNAN HARIAN,"bangunan harian kontruksi | +KBJI: pekerja bangunan harian, tenaga borongan, tukang bangunan lepas",,7111,1,1,1,1,1.0
3. SQL LIKE + Preprocessing,49,KBLI,PEYEDIA MAKANAN SIOMAY KELILING DENGAN SEPEDA,"keliling makanan peyedia sepeda siomay | +KBLI: jualan makanan tidak tetap, produksi siomay, usaha siomay keliling",,56102,1,1,1,1,1.0
3. SQL LIKE + Preprocessing,50,KBJI,PEYEDIA MAKANAN SIOMAY KELILING DENGAN SEPEDA,"keliling makanan peyedia sepeda siomay | +KBJI: pedagang siomay kayuh, penjual siomay sepeda, tukang siomay komplek",,5212,1,1,1,1,1.0
3. SQL LIKE + Preprocessing,51,KBLI,"MENCAMPUR SEMEN, MENGANGKUT MATERIAL, MEMASANG BATA, PLESTER DINDING, DAN MEN","bata dinding material memasang men mencampur mengangkut plester | +KBLI: bengkel konstruksi, proyek konstruksi gedung, usaha renovasi rumah",,41011,1,1,1,1,1.0
3. SQL LIKE + Preprocessing,52,KBJI,"MENCAMPUR SEMEN, MENGANGKUT MATERIAL, MEMASANG BATA, PLESTER DINDING, DAN MEN","bata dinding material memasang men mencampur mengangkut plester | +KBJI: kuli aduk semen, pekerja kasar, pembantu tukang bangunan",,7111,5,0,0,1,0.2
3. SQL LIKE + Preprocessing,53,KBLI,MENGOPERASIKAN DAN MEMPERBAIKI MESIN PRODUKSI DAN PERAWATAN BERKALA,"berkala memperbaiki mengoperasikan mesin perawatan produksi | +KBLI: bengkel mesin pabrik, industri perlengkapan, usaha perbaikan alat",,16101,1,1,1,1,1.0
3. SQL LIKE + Preprocessing,54,KBJI,MENGOPERASIKAN DAN MEMPERBAIKI MESIN PRODUKSI DAN PERAWATAN BERKALA,"berkala memperbaiki mengoperasikan mesin perawatan produksi | +KBJI: montir mesin industri, supervisor mekanik, teknisi mesin pabrik",,3122,1,1,1,1,1.0
3. SQL LIKE + Preprocessing,55,KBLI,PERTANIAN BAWANG MERAH MILIK ORANG LAIN,"bawang merah milik pertanian | +KBLI: kebun bawang merah, lahan bawang, lahan kebun",,01134,1,1,1,1,1.0
3. SQL LIKE + Preprocessing,56,KBJI,PERTANIAN BAWANG MERAH MILIK ORANG LAIN,"bawang merah milik pertanian | +KBJI: buruh harian bawang, buruh petik bawang, buruh tani",,9211,1,1,1,1,1.0
3. SQL LIKE + Preprocessing,57,KBLI,KONTRUSI RUMAH,bangunan hunian konstruksi kontrusi rumah,,41011,1,1,1,1,1.0
3. SQL LIKE + Preprocessing,58,KBJI,KONTRUSI RUMAH,bangunan hunian konstruksi kontrusi rumah,,7112,1,1,1,1,1.0
3. SQL LIKE + Preprocessing,59,KBLI,INDUSTRI AIR ISI ULANG,"air industri isi ulang | +KBLI: depot air galon, pabrik air minum, usaha air mineral",,11052,1,1,1,1,1.0
3. SQL LIKE + Preprocessing,60,KBJI,INDUSTRI AIR ISI ULANG,"air industri isi ulang | +KBJI: operator isi ulang galon, pengantar air galon, penjaga depot air",,8183,1,1,1,1,1.0
4. Hybrid Search + Preprocessing,1,KBLI,MENCABUT RUMPUT LIAR DI SAWAH(MATON),"liar maton mencabut pertanian rumput sawah tanaman pangan | +KBLI: lahan tani padi, sawah padi, usaha tani",,01122,1,1,1,1,1.0
4. Hybrid Search + Preprocessing,2,KBJI,MENCABUT RUMPUT LIAR DI SAWAH(MATON),"liar maton mencabut pertanian rumput sawah tanaman pangan | +KBJI: buruh matun sawah, pekerja sawah, tukang cabut rumput",,9211,1,1,1,1,1.0
4. Hybrid Search + Preprocessing,3,KBLI,"MEMBUAT LEMARI KACA/ ETALASE, MENGANTAR PESANAN LEMARI KACA","etalase kaca lemari membuat mengantar pesanan | +KBLI: bengkel kaca etalase, toko lemari kaca, usaha rak kaca",,31011,1,1,1,1,1.0
4. Hybrid Search + Preprocessing,4,KBJI,"MEMBUAT LEMARI KACA/ ETALASE, MENGANTAR PESANAN LEMARI KACA","etalase kaca lemari membuat mengantar pesanan | +KBJI: pengrajin lemari kaca, sopir antar lemari, tukang bikin etalase",,7523,1,1,1,1,1.0
4. Hybrid Search + Preprocessing,5,KBLI,PERTANIAN,"pertanian | +KBLI: lahan kebun, sektor pertanian, usaha tani",,01122,0,0,0,0,0.0
4. Hybrid Search + Preprocessing,6,KBJI,PERTANIAN,"pertanian | +KBJI: buruh tani, pekerja ladang, petani",,9211,0,0,0,0,0.0
4. Hybrid Search + Preprocessing,7,KBLI,MEMBUAT RESOLES UNTUK DIJUAL DIPASAR KAMPUNG,"dijual dipasar kampung membuat resoles | +KBLI: katering gorengan, produksi risoles, usaha jajanan pasar",,47249,1,1,1,1,1.0
4. Hybrid Search + Preprocessing,8,KBJI,MEMBUAT RESOLES UNTUK DIJUAL DIPASAR KAMPUNG,"dijual dipasar kampung membuat resoles | +KBJI: pembuat gorengan, penjual snack, tukang masak risoles",,5212,1,1,1,1,1.0
4. Hybrid Search + Preprocessing,9,KBLI,MENGAJAR MATA PELAJARAN PKN DI MTS TAHASSUS ALQURAN,"alquran mata mengajar mts pelajaran pkn tahassus | +KBLI: instansi pendidikan, lembaga sekolah, sekolah mts",,85316,1,1,1,1,1.0
4. Hybrid Search + Preprocessing,10,KBJI,MENGAJAR MATA PELAJARAN PKN DI MTS TAHASSUS ALQURAN,"alquran mata mengajar mts pelajaran pkn tahassus | +KBJI: guru pkn, pendidik honorer, pengajar madrasah",,2330,0,0,0,0,0.0
4. Hybrid Search + Preprocessing,11,KBLI,"KARYAWAN BAGIAN PRODUKSI, PEMOTONGAN KAYU SESUAI UKURAN AKHIR DIPABRIK KAYU LAI",akhir dipabrik karyawan kayu lai pemotongan produksi sesuai,,16211,2,0,1,1,0.5
4. Hybrid Search + Preprocessing,12,KBJI,"KARYAWAN BAGIAN PRODUKSI, PEMOTONGAN KAYU SESUAI UKURAN AKHIR DIPABRIK KAYU LAI",akhir dipabrik karyawan kayu lai pemotongan produksi sesuai,,9329,1,1,1,1,1.0
4. Hybrid Search + Preprocessing,13,KBLI,PERTANIAN PADI,"padi pertanian | +KBLI: lahan kebun, lahan sawah padi, pertanian pangan",,01122,2,0,1,1,0.5
4. Hybrid Search + Preprocessing,14,KBJI,PERTANIAN PADI,"padi pertanian | +KBJI: buruh tanam padi, buruh tani, pekerja ladang",,6111,4,0,0,1,0.25
4. Hybrid Search + Preprocessing,15,KBLI,PERTANIAN BAWANG MERAH HORTIKULTURAL DI SAWAH MILIK ORANG LAIN,"bawang hortikultural merah milik pertanian sawah tanaman pangan | +KBLI: kebun bawang merah, lahan bawang, lahan kebun",,01134,1,1,1,1,1.0
4. Hybrid Search + Preprocessing,16,KBJI,PERTANIAN BAWANG MERAH HORTIKULTURAL DI SAWAH MILIK ORANG LAIN,"bawang hortikultural merah milik pertanian sawah tanaman pangan | +KBJI: buruh harian bawang, buruh petik bawang, buruh tani",,9211,0,0,0,0,0.0
4. Hybrid Search + Preprocessing,17,KBLI,KONTRUKSI RUMAH DI DESA,"bangunan desa hunian konstruksi kontruksi rumah | +KBLI: jasa bangun rumah, kontraktor kampung, proyek bangun rumah",,41011,1,1,1,1,1.0
4. Hybrid Search + Preprocessing,18,KBJI,KONTRUKSI RUMAH DI DESA,"bangunan desa hunian konstruksi kontruksi rumah | +KBJI: kepala tukang, kuli bangunan proyek, tukang bangunan rumah",,7112,1,1,1,1,1.0
4. Hybrid Search + Preprocessing,19,KBLI,PERDAGANGAN BARANG BEKAS UNTUK DIJUAL LAGI,"barang bekas dijual lagi perdagangan | +KBLI: lapak loak, toko barang bekas, usaha jual beli second",,47749,1,1,1,1,1.0
4. Hybrid Search + Preprocessing,20,KBJI,PERDAGANGAN BARANG BEKAS UNTUK DIJUAL LAGI,"barang bekas dijual lagi perdagangan | +KBJI: bakul loak, pedagang barang second, penjual barang bekas",,5249,1,1,1,1,1.0
4. Hybrid Search + Preprocessing,21,KBLI,PEDAGANG MOTOR DI RUMAH SENDIRI,"bangunan bermotor hunian kendaraan konstruksi motor roda dua rumah | +KBLI: bisnis motor second, jual beli motor bekas, showroom motor rumahan",,47832,1,1,1,1,1.0
4. Hybrid Search + Preprocessing,22,KBJI,PEDAGANG MOTOR DI RUMAH SENDIRI,"bangunan bermotor hunian kendaraan konstruksi motor roda dua rumah | +KBJI: makelar motor bekas, pedagang motor rumah, penjual sepeda motor",,5249,1,1,1,1,1.0
4. Hybrid Search + Preprocessing,23,KBLI,JASA TRANSPORTASI,"transportasi | +KBLI: armada transportasi, jasa pengiriman logistik, usaha angkutan barang",,49231,2,0,1,1,0.5
4. Hybrid Search + Preprocessing,24,KBJI,JASA TRANSPORTASI,"transportasi | +KBJI: driver logistik, pengemudi antar barang, sopir truk angkutan",,8322,0,0,0,0,0.0
4. Hybrid Search + Preprocessing,25,KBLI,PENYEDIA BHAN BAKU MAKANAN,baku bhan makanan penyedia,,47213,1,1,1,1,1.0
4. Hybrid Search + Preprocessing,26,KBJI,PENYEDIA BHAN BAKU MAKANAN,baku bhan makanan penyedia,,9520,1,1,1,1,1.0
4. Hybrid Search + Preprocessing,27,KBLI,TUKANG BATU,"batu | +KBLI: jasa pengerjaan batu, proyek bangunan fisik, usaha renovasi",,41011,0,0,0,0,0.0
4. Hybrid Search + Preprocessing,28,KBJI,TUKANG BATU,"batu | +KBJI: pekerja bangunan batu, tukang batu konstruksi, tukang plester",,7111,0,0,0,0,0.0
4. Hybrid Search + Preprocessing,29,KBLI,PERTANIAN BAWANG MERAH HORTIKULTURAL SAWAH MILIK ORANG LAIN,"bawang hortikultural merah milik pertanian sawah tanaman pangan | +KBLI: kebun bawang merah, lahan bawang, lahan kebun",,01134,1,1,1,1,1.0
4. Hybrid Search + Preprocessing,30,KBJI,PERTANIAN BAWANG MERAH HORTIKULTURAL SAWAH MILIK ORANG LAIN,"bawang hortikultural merah milik pertanian sawah tanaman pangan | +KBJI: buruh harian bawang, buruh petik bawang, buruh tani",,9211,0,0,0,0,0.0
4. Hybrid Search + Preprocessing,31,KBLI,PERTANIAN PADI DI SAWAH MILIK SENDIRI,"milik padi pertanian sawah sendiri tanaman pangan | +KBLI: lahan kebun, lahan sawah padi, pertanian pangan",,01122,1,1,1,1,1.0
4. Hybrid Search + Preprocessing,32,KBJI,PERTANIAN PADI DI SAWAH MILIK SENDIRI,"milik padi pertanian sawah sendiri tanaman pangan | +KBJI: buruh tanam padi, buruh tani, pekerja ladang",,6111,3,0,1,1,0.3333
4. Hybrid Search + Preprocessing,33,KBLI,BURUH (PELAYAN DI TOKO KLONTONG),"buruh eceran kelontong klontong manisan pelayan toko | +KBLI: retail kelontong, toko kebutuhan harian, warung kelontong sembako",,47112,1,1,1,1,1.0
4. Hybrid Search + Preprocessing,34,KBJI,BURUH (PELAYAN DI TOKO KLONTONG),"buruh eceran kelontong klontong manisan pelayan toko | +KBJI: asisten penjualan, pelayan toko sembako, penjaga warung kelontong",,5223,1,1,1,1,1.0
4. Hybrid Search + Preprocessing,35,KBLI,MENCUCI MOTOR DAN MOBIL,"angkutan bermotor kendaraan mencuci mobil motor roda dua | +KBLI: bisnis motor second, jual beli motor bekas, showroom motor rumahan",,81290,1,1,1,1,1.0
4. Hybrid Search + Preprocessing,36,KBJI,MENCUCI MOTOR DAN MOBIL,"angkutan bermotor kendaraan mencuci mobil motor roda dua | +KBJI: makelar motor bekas, pedagang motor rumah, penjual sepeda motor",,9122,1,1,1,1,1.0
4. Hybrid Search + Preprocessing,37,KBLI,MENJUAL BOTOK PELAS DAN PECEL,"botok menjual pecel pelas | +KBLI: kedai nasi pecel, usaha kuliner tradisional, warung pecel botok",,56101,1,1,1,1,1.0
4. Hybrid Search + Preprocessing,38,KBJI,MENJUAL BOTOK PELAS DAN PECEL,"botok menjual pecel pelas | +KBJI: pedagang botok keliling, penjual nasi pecel, penjual pecel pelas",,5212,1,1,1,1,1.0
4. Hybrid Search + Preprocessing,39,KBLI,PENYEDIAAN MAKANAN,"makanan penyediaan | +KBLI: bisnis makanan siap saji, industri jasa boga, katering acara",,56210,1,1,1,1,1.0
4. Hybrid Search + Preprocessing,40,KBJI,PENYEDIAAN MAKANAN,"makanan penyediaan | +KBJI: juru masak katering, koki pelayanan, staf makanan katering",,9412,1,1,1,1,1.0
4. Hybrid Search + Preprocessing,41,KBLI,"BURUH BANGUNAN, MENGADUK SEMEN","bangunan buruh mengaduk semen | +KBLI: bengkel konstruksi, jasa renovasi harian, layanan perbaikan rumah",,41011,1,1,1,1,1.0
4. Hybrid Search + Preprocessing,42,KBJI,"BURUH BANGUNAN, MENGADUK SEMEN","bangunan buruh mengaduk semen | +KBJI: kuli aduk semen, pekerja bangunan harian, pekerja kasar",,7111,2,0,1,1,0.5
4. Hybrid Search + Preprocessing,43,KBLI,MENJUAL ES TEH JUMBO,"es jumbo menjual teh | +KBLI: franchise es teh, kedai minuman es teh, stand es teh jumbo",,56303,1,1,1,1,1.0
4. Hybrid Search + Preprocessing,44,KBJI,MENJUAL ES TEH JUMBO,"es jumbo menjual teh | +KBJI: pedagang es teh, penjaga stand minuman, penjual es teh jumbo",,5223,1,1,1,1,1.0
4. Hybrid Search + Preprocessing,45,KBLI,JASA ANTAR UNDANGAN ACARA,"acara antar undangan | +KBLI: biro antar undangan, jasa kurir undangan, usaha jasa perorangan",,96909,0,0,0,0,0.0
4. Hybrid Search + Preprocessing,46,KBJI,JASA ANTAR UNDANGAN ACARA,"acara antar undangan | +KBJI: kurir sebar undangan, pengirim undangan, tenaga antar undangan",,5169,1,1,1,1,1.0
4. Hybrid Search + Preprocessing,47,KBLI,JASA KONTRUKSI TUKANG BANGUNAN HARIAN,"bangunan harian kontruksi | +KBLI: jasa renovasi harian, layanan perbaikan rumah, usaha tukang borongan",,41011,1,1,1,1,1.0
4. Hybrid Search + Preprocessing,48,KBJI,JASA KONTRUKSI TUKANG BANGUNAN HARIAN,"bangunan harian kontruksi | +KBJI: pekerja bangunan harian, tenaga borongan, tukang bangunan lepas",,7111,1,1,1,1,1.0
4. Hybrid Search + Preprocessing,49,KBLI,PEYEDIA MAKANAN SIOMAY KELILING DENGAN SEPEDA,"keliling makanan peyedia sepeda siomay | +KBLI: jualan makanan tidak tetap, produksi siomay, usaha siomay keliling",,56102,1,1,1,1,1.0
4. Hybrid Search + Preprocessing,50,KBJI,PEYEDIA MAKANAN SIOMAY KELILING DENGAN SEPEDA,"keliling makanan peyedia sepeda siomay | +KBJI: pedagang siomay kayuh, penjual siomay sepeda, tukang siomay komplek",,5212,1,1,1,1,1.0
4. Hybrid Search + Preprocessing,51,KBLI,"MENCAMPUR SEMEN, MENGANGKUT MATERIAL, MEMASANG BATA, PLESTER DINDING, DAN MEN","bata dinding material memasang men mencampur mengangkut plester | +KBLI: bengkel konstruksi, proyek konstruksi gedung, usaha renovasi rumah",,41011,1,1,1,1,1.0
4. Hybrid Search + Preprocessing,52,KBJI,"MENCAMPUR SEMEN, MENGANGKUT MATERIAL, MEMASANG BATA, PLESTER DINDING, DAN MEN","bata dinding material memasang men mencampur mengangkut plester | +KBJI: kuli aduk semen, pekerja kasar, pembantu tukang bangunan",,7111,2,0,1,1,0.5
4. Hybrid Search + Preprocessing,53,KBLI,MENGOPERASIKAN DAN MEMPERBAIKI MESIN PRODUKSI DAN PERAWATAN BERKALA,"berkala memperbaiki mengoperasikan mesin perawatan produksi | +KBLI: bengkel mesin pabrik, industri perlengkapan, usaha perbaikan alat",,16101,1,1,1,1,1.0
4. Hybrid Search + Preprocessing,54,KBJI,MENGOPERASIKAN DAN MEMPERBAIKI MESIN PRODUKSI DAN PERAWATAN BERKALA,"berkala memperbaiki mengoperasikan mesin perawatan produksi | +KBJI: montir mesin industri, supervisor mekanik, teknisi mesin pabrik",,3122,1,1,1,1,1.0
4. Hybrid Search + Preprocessing,55,KBLI,PERTANIAN BAWANG MERAH MILIK ORANG LAIN,"bawang merah milik pertanian | +KBLI: kebun bawang merah, lahan bawang, lahan kebun",,01134,1,1,1,1,1.0
4. Hybrid Search + Preprocessing,56,KBJI,PERTANIAN BAWANG MERAH MILIK ORANG LAIN,"bawang merah milik pertanian | +KBJI: buruh harian bawang, buruh petik bawang, buruh tani",,9211,0,0,0,0,0.0
4. Hybrid Search + Preprocessing,57,KBLI,KONTRUSI RUMAH,bangunan hunian konstruksi kontrusi rumah,,41011,1,1,1,1,1.0
4. Hybrid Search + Preprocessing,58,KBJI,KONTRUSI RUMAH,bangunan hunian konstruksi kontrusi rumah,,7112,1,1,1,1,1.0
4. Hybrid Search + Preprocessing,59,KBLI,INDUSTRI AIR ISI ULANG,"air industri isi ulang | +KBLI: depot air galon, pabrik air minum, usaha air mineral",,11052,1,1,1,1,1.0
4. Hybrid Search + Preprocessing,60,KBJI,INDUSTRI AIR ISI ULANG,"air industri isi ulang | +KBJI: operator isi ulang galon, pengantar air galon, penjaga depot air",,8183,1,1,1,1,1.0
5. SQL LIKE + Preprocessing + Contoh Lapangan,1,KBLI,MENCABUT RUMPUT LIAR DI SAWAH(MATON),"liar maton mencabut pertanian rumput sawah tanaman pangan | +KBLI: lahan tani padi, sawah padi, usaha tani",PERTANIAN PADI INBRIDA - Petani yang menanam komoditas padi lokal | PERTANIAN PADI INBRIDA - Petani yang menanam bibit dan menjualnya,01122,1,1,1,1,1.0
5. SQL LIKE + Preprocessing + Contoh Lapangan,2,KBJI,MENCABUT RUMPUT LIAR DI SAWAH(MATON),"liar maton mencabut pertanian rumput sawah tanaman pangan | +KBJI: buruh matun sawah, pekerja sawah, tukang cabut rumput",Deskripsi tugas: mencabut rumput liar di sawah(maton) | Deskripsi tugas: pertanian,9211,2,0,1,1,0.5
5. SQL LIKE + Preprocessing + Contoh Lapangan,3,KBLI,"MEMBUAT LEMARI KACA/ ETALASE, MENGANTAR PESANAN LEMARI KACA","etalase kaca lemari membuat mengantar pesanan | +KBLI: bengkel kaca etalase, toko lemari kaca, usaha rak kaca","INDUSTRI FURNITUR DARI KAYU - Membuat Furnitur dari Kayu (meja, lemari, rak kayu). | Kegiatan membuat lemari kaca/ etalase,mengantar pesanan lemari kaca",31011,1,1,1,1,1.0
5. SQL LIKE + Preprocessing + Contoh Lapangan,4,KBJI,"MEMBUAT LEMARI KACA/ ETALASE, MENGANTAR PESANAN LEMARI KACA","etalase kaca lemari membuat mengantar pesanan | +KBJI: pengrajin lemari kaca, sopir antar lemari, tukang bikin etalase","Deskripsi tugas: membuat lemari kaca/ etalase,mengantar pesanan lemari kaca",7523,1,1,1,1,1.0
5. SQL LIKE + Preprocessing + Contoh Lapangan,5,KBLI,PERTANIAN,"pertanian | +KBLI: lahan kebun, sektor pertanian, usaha tani",PERTANIAN PADI INBRIDA - Petani yang menanam komoditas padi lokal | PERTANIAN PADI INBRIDA - Petani yang menanam bibit dan menjualnya,01122,0,0,0,0,0.0
5. SQL LIKE + Preprocessing + Contoh Lapangan,6,KBJI,PERTANIAN,"pertanian | +KBJI: buruh tani, pekerja ladang, petani",Deskripsi tugas: mencabut rumput liar di sawah(maton) | Deskripsi tugas: pertanian,9211,0,0,0,0,0.0
5. SQL LIKE + Preprocessing + Contoh Lapangan,7,KBLI,MEMBUAT RESOLES UNTUK DIJUAL DIPASAR KAMPUNG,"dijual dipasar kampung membuat resoles | +KBLI: katering gorengan, produksi risoles, usaha jajanan pasar",Kegiatan membuat resoles untuk dijual dipasar kampung,47249,1,1,1,1,1.0
5. SQL LIKE + Preprocessing + Contoh Lapangan,8,KBJI,MEMBUAT RESOLES UNTUK DIJUAL DIPASAR KAMPUNG,"dijual dipasar kampung membuat resoles | +KBJI: pembuat gorengan, penjual snack, tukang masak risoles",Deskripsi tugas: membuat resoles untuk dijual dipasar kampung | Deskripsi tugas: menjual botok pelas dan pecel,5212,1,1,1,1,1.0
5. SQL LIKE + Preprocessing + Contoh Lapangan,9,KBLI,MENGAJAR MATA PELAJARAN PKN DI MTS TAHASSUS ALQURAN,"alquran mata mengajar mts pelajaran pkn tahassus | +KBLI: instansi pendidikan, lembaga sekolah, sekolah mts",PENDIDIKAN MENENGAH ATAS UMUM SWASTA - Sekolah SMA / MA Swasta (Pendidikan menengah atas umum yang diselenggarakan oleh swasta). | Kegiatan mengajar mata pelajaran pkn di mts tahassus alquran,85316,1,1,1,1,1.0
5. SQL LIKE + Preprocessing + Contoh Lapangan,10,KBJI,MENGAJAR MATA PELAJARAN PKN DI MTS TAHASSUS ALQURAN,"alquran mata mengajar mts pelajaran pkn tahassus | +KBJI: guru pkn, pendidik honorer, pengajar madrasah",-,2330,0,0,0,0,0.0
5. SQL LIKE + Preprocessing + Contoh Lapangan,11,KBLI,"KARYAWAN BAGIAN PRODUKSI, PEMOTONGAN KAYU SESUAI UKURAN AKHIR DIPABRIK KAYU LAI",akhir dipabrik karyawan kayu lai pemotongan produksi sesuai,"Kegiatan karyawan bagian produksi ,pemotongan kayu sesuai ukuran akhir dipabrik kayu lapis",16211,1,1,1,1,1.0
5. SQL LIKE + Preprocessing + Contoh Lapangan,12,KBJI,"KARYAWAN BAGIAN PRODUKSI, PEMOTONGAN KAYU SESUAI UKURAN AKHIR DIPABRIK KAYU LAI",akhir dipabrik karyawan kayu lai pemotongan produksi sesuai,"Deskripsi tugas: karyawan bagian produksi ,pemotongan kayu sesuai ukuran akhir dipabrik kayu lapis",9329,1,1,1,1,1.0
5. SQL LIKE + Preprocessing + Contoh Lapangan,13,KBLI,PERTANIAN PADI,"padi pertanian | +KBLI: lahan kebun, lahan sawah padi, pertanian pangan",PERTANIAN PADI INBRIDA - Petani yang menanam komoditas padi lokal | PERTANIAN PADI INBRIDA - Petani yang menanam bibit dan menjualnya,01122,2,0,1,1,0.5
5. SQL LIKE + Preprocessing + Contoh Lapangan,14,KBJI,PERTANIAN PADI,"padi pertanian | +KBJI: buruh tanam padi, buruh tani, pekerja ladang",Pekerja Pertanian Tanaman Pangan Dan Tanaman Semusim - orang yang macul tanah nanam padi di sawah | Pekerja Pertanian Tanaman Pangan Dan Tanaman Semusim - tukang cabut rumput liar di lahan jagung,6111,2,0,1,1,0.5
5. SQL LIKE + Preprocessing + Contoh Lapangan,15,KBLI,PERTANIAN BAWANG MERAH HORTIKULTURAL DI SAWAH MILIK ORANG LAIN,"bawang hortikultural merah milik pertanian sawah tanaman pangan | +KBLI: kebun bawang merah, lahan bawang, lahan kebun",Kegiatan pertanian bawang merah hortikultural di sawah milik orang lain | Kegiatan pertanian bawang merah hortikultural sawah milik orang lain,01134,1,1,1,1,1.0
5. SQL LIKE + Preprocessing + Contoh Lapangan,16,KBJI,PERTANIAN BAWANG MERAH HORTIKULTURAL DI SAWAH MILIK ORANG LAIN,"bawang hortikultural merah milik pertanian sawah tanaman pangan | +KBJI: buruh harian bawang, buruh petik bawang, buruh tani",Deskripsi tugas: mencabut rumput liar di sawah(maton) | Deskripsi tugas: pertanian,9211,1,1,1,1,1.0
5. SQL LIKE + Preprocessing + Contoh Lapangan,17,KBLI,KONTRUKSI RUMAH DI DESA,"bangunan desa hunian konstruksi kontruksi rumah | +KBLI: jasa bangun rumah, kontraktor kampung, proyek bangun rumah",KONSTRUKSI KONVENSIONAL GEDUNG HUNIAN - konstruksi bangunan tempat tinggal | KONSTRUKSI KONVENSIONAL GEDUNG HUNIAN - Membangun atau merenovasi rumah tempat tinggal (Konstruksi konvensional).,41011,1,1,1,1,1.0
5. SQL LIKE + Preprocessing + Contoh Lapangan,18,KBJI,KONTRUKSI RUMAH DI DESA,"bangunan desa hunian konstruksi kontruksi rumah | +KBJI: kepala tukang, kuli bangunan proyek, tukang bangunan rumah",Deskripsi tugas: kontruksi rumah di desa | Deskripsi tugas: kontrusi rumah,7112,1,1,1,1,1.0
5. SQL LIKE + Preprocessing + Contoh Lapangan,19,KBLI,PERDAGANGAN BARANG BEKAS UNTUK DIJUAL LAGI,"barang bekas dijual lagi perdagangan | +KBLI: lapak loak, toko barang bekas, usaha jual beli second",Kegiatan perdagangan barang bekas untuk dijual lagi,47749,1,1,1,1,1.0
5. SQL LIKE + Preprocessing + Contoh Lapangan,20,KBJI,PERDAGANGAN BARANG BEKAS UNTUK DIJUAL LAGI,"barang bekas dijual lagi perdagangan | +KBJI: bakul loak, pedagang barang second, penjual barang bekas",Deskripsi tugas: perdagangan barang bekas untuk dijual lagi | Deskripsi tugas: pedagang motor di rumah sendiri,5249,1,1,1,1,1.0
5. SQL LIKE + Preprocessing + Contoh Lapangan,21,KBLI,PEDAGANG MOTOR DI RUMAH SENDIRI,"bangunan bermotor hunian kendaraan konstruksi motor roda dua rumah | +KBLI: bisnis motor second, jual beli motor bekas, showroom motor rumahan",Kegiatan pedagang motor di rumah sendiri,47832,1,1,1,1,1.0
5. SQL LIKE + Preprocessing + Contoh Lapangan,22,KBJI,PEDAGANG MOTOR DI RUMAH SENDIRI,"bangunan bermotor hunian kendaraan konstruksi motor roda dua rumah | +KBJI: makelar motor bekas, pedagang motor rumah, penjual sepeda motor",Deskripsi tugas: perdagangan barang bekas untuk dijual lagi | Deskripsi tugas: pedagang motor di rumah sendiri,5249,1,1,1,1,1.0
5. SQL LIKE + Preprocessing + Contoh Lapangan,23,KBLI,JASA TRANSPORTASI,"transportasi | +KBLI: armada transportasi, jasa pengiriman logistik, usaha angkutan barang",Kegiatan jasa transportasi,49231,1,1,1,1,1.0
5. SQL LIKE + Preprocessing + Contoh Lapangan,24,KBJI,JASA TRANSPORTASI,"transportasi | +KBJI: driver logistik, pengemudi antar barang, sopir truk angkutan","Pengemudi Mobil, Taksi dan Van - supir angkut pesanan lemari kaca pakai mobil carry | Pengemudi Mobil, Taksi dan Van - driver taksi online narik penumpang",8322,3,0,1,1,0.3333
5. SQL LIKE + Preprocessing + Contoh Lapangan,25,KBLI,PENYEDIA BHAN BAKU MAKANAN,baku bhan makanan penyedia,Kegiatan penyedia bhan baku makanan,47213,1,1,1,1,1.0
5. SQL LIKE + Preprocessing + Contoh Lapangan,26,KBJI,PENYEDIA BHAN BAKU MAKANAN,baku bhan makanan penyedia,Deskripsi tugas: penyedia bhan baku makanan,9520,1,1,1,1,1.0
5. SQL LIKE + Preprocessing + Contoh Lapangan,27,KBLI,TUKANG BATU,"batu | +KBLI: jasa pengerjaan batu, proyek bangunan fisik, usaha renovasi",KONSTRUKSI KONVENSIONAL GEDUNG HUNIAN - konstruksi bangunan tempat tinggal | KONSTRUKSI KONVENSIONAL GEDUNG HUNIAN - Membangun atau merenovasi rumah tempat tinggal (Konstruksi konvensional).,41011,1,1,1,1,1.0
5. SQL LIKE + Preprocessing + Contoh Lapangan,28,KBJI,TUKANG BATU,"batu | +KBJI: pekerja bangunan batu, tukang batu konstruksi, tukang plester","Deskripsi tugas: tukang batu | Deskripsi tugas: buruh bangunan, mengaduk semen",7111,2,0,1,1,0.5
5. SQL LIKE + Preprocessing + Contoh Lapangan,29,KBLI,PERTANIAN BAWANG MERAH HORTIKULTURAL SAWAH MILIK ORANG LAIN,"bawang hortikultural merah milik pertanian sawah tanaman pangan | +KBLI: kebun bawang merah, lahan bawang, lahan kebun",Kegiatan pertanian bawang merah hortikultural di sawah milik orang lain | Kegiatan pertanian bawang merah hortikultural sawah milik orang lain,01134,1,1,1,1,1.0
5. SQL LIKE + Preprocessing + Contoh Lapangan,30,KBJI,PERTANIAN BAWANG MERAH HORTIKULTURAL SAWAH MILIK ORANG LAIN,"bawang hortikultural merah milik pertanian sawah tanaman pangan | +KBJI: buruh harian bawang, buruh petik bawang, buruh tani",Deskripsi tugas: mencabut rumput liar di sawah(maton) | Deskripsi tugas: pertanian,9211,1,1,1,1,1.0
5. SQL LIKE + Preprocessing + Contoh Lapangan,31,KBLI,PERTANIAN PADI DI SAWAH MILIK SENDIRI,"milik padi pertanian sawah sendiri tanaman pangan | +KBLI: lahan kebun, lahan sawah padi, pertanian pangan",PERTANIAN PADI INBRIDA - Petani yang menanam komoditas padi lokal | PERTANIAN PADI INBRIDA - Petani yang menanam bibit dan menjualnya,01122,1,1,1,1,1.0
5. SQL LIKE + Preprocessing + Contoh Lapangan,32,KBJI,PERTANIAN PADI DI SAWAH MILIK SENDIRI,"milik padi pertanian sawah sendiri tanaman pangan | +KBJI: buruh tanam padi, buruh tani, pekerja ladang",Pekerja Pertanian Tanaman Pangan Dan Tanaman Semusim - orang yang macul tanah nanam padi di sawah | Pekerja Pertanian Tanaman Pangan Dan Tanaman Semusim - tukang cabut rumput liar di lahan jagung,6111,1,1,1,1,1.0
5. SQL LIKE + Preprocessing + Contoh Lapangan,33,KBLI,BURUH (PELAYAN DI TOKO KLONTONG),"buruh eceran kelontong klontong manisan pelayan toko | +KBLI: retail kelontong, toko kebutuhan harian, warung kelontong sembako","PERDAGANGAN ECERAN BERBAGAI MACAM BARANG YANG UTAMANYA MAKANAN, MINUMAN, ATAU TEMBAKAU SELAIN DENGAN SISTEM SWALAYAN - Warung Sembako (Perdagangan eceran barang kebutuhan pokok bukan swalayan). | Kegiatan buruh (pelayan di toko klontong)",47112,1,1,1,1,1.0
5. SQL LIKE + Preprocessing + Contoh Lapangan,34,KBJI,BURUH (PELAYAN DI TOKO KLONTONG),"buruh eceran kelontong klontong manisan pelayan toko | +KBJI: asisten penjualan, pelayan toko sembako, penjaga warung kelontong",Asisten Penjualan Toko - mbak mbak kasir minimarket yang jaga mesin kas | Asisten Penjualan Toko - petugas toko yang menata barang sembako di rak,5223,5,0,0,1,0.2
5. SQL LIKE + Preprocessing + Contoh Lapangan,35,KBLI,MENCUCI MOTOR DAN MOBIL,"angkutan bermotor kendaraan mencuci mobil motor roda dua | +KBLI: bisnis motor second, jual beli motor bekas, showroom motor rumahan",Kegiatan mencuci motor dan mobil,81290,1,1,1,1,1.0
5. SQL LIKE + Preprocessing + Contoh Lapangan,36,KBJI,MENCUCI MOTOR DAN MOBIL,"angkutan bermotor kendaraan mencuci mobil motor roda dua | +KBJI: makelar motor bekas, pedagang motor rumah, penjual sepeda motor",Deskripsi tugas: mencuci motor dan mobil,9122,1,1,1,1,1.0
5. SQL LIKE + Preprocessing + Contoh Lapangan,37,KBLI,MENJUAL BOTOK PELAS DAN PECEL,"botok menjual pecel pelas | +KBLI: kedai nasi pecel, usaha kuliner tradisional, warung pecel botok",Rumah makan yang menyediakan layanan prasmanan atau menu lengkap dengan area makan yang luas untuk tamu. | Kegiatan menjual botok pelas dan pecel,56101,1,1,1,1,1.0
5. SQL LIKE + Preprocessing + Contoh Lapangan,38,KBJI,MENJUAL BOTOK PELAS DAN PECEL,"botok menjual pecel pelas | +KBJI: pedagang botok keliling, penjual nasi pecel, penjual pecel pelas",Deskripsi tugas: membuat resoles untuk dijual dipasar kampung | Deskripsi tugas: menjual botok pelas dan pecel,5212,1,1,1,1,1.0
5. SQL LIKE + Preprocessing + Contoh Lapangan,39,KBLI,PENYEDIAAN MAKANAN,"makanan penyediaan | +KBLI: bisnis makanan siap saji, industri jasa boga, katering acara","AKTIVITAS JASA BOGA UNTUK ACARA TERTENTU (EVENT CATERING) - Katering makanan untuk aneka acara (Event Catering),. | Kegiatan penyediaan makanan",56210,3,0,1,1,0.3333
5. SQL LIKE + Preprocessing + Contoh Lapangan,40,KBJI,PENYEDIAAN MAKANAN,"makanan penyediaan | +KBJI: juru masak katering, koki pelayanan, staf makanan katering",Juru Bantu Dapur - karyawan bagian cuci piring di restoran | Juru Bantu Dapur - tukang kupas bawang dan potong sayur di dapur rumah makan,9412,1,1,1,1,1.0
5. SQL LIKE + Preprocessing + Contoh Lapangan,41,KBLI,"BURUH BANGUNAN, MENGADUK SEMEN","bangunan buruh mengaduk semen | +KBLI: bengkel konstruksi, jasa renovasi harian, layanan perbaikan rumah",KONSTRUKSI KONVENSIONAL GEDUNG HUNIAN - konstruksi bangunan tempat tinggal | KONSTRUKSI KONVENSIONAL GEDUNG HUNIAN - Membangun atau merenovasi rumah tempat tinggal (Konstruksi konvensional).,41011,1,1,1,1,1.0
5. SQL LIKE + Preprocessing + Contoh Lapangan,42,KBJI,"BURUH BANGUNAN, MENGADUK SEMEN","bangunan buruh mengaduk semen | +KBJI: kuli aduk semen, pekerja bangunan harian, pekerja kasar","Deskripsi tugas: tukang batu | Deskripsi tugas: buruh bangunan, mengaduk semen",7111,5,0,0,1,0.2
5. SQL LIKE + Preprocessing + Contoh Lapangan,43,KBLI,MENJUAL ES TEH JUMBO,"es jumbo menjual teh | +KBLI: franchise es teh, kedai minuman es teh, stand es teh jumbo","AKTIVITAS RUMAH MINUM/KAFE - Kedai es teh jumbo atau Warung Kopi pinggir jalan (Rumah Minum/Kafe),. | Kegiatan menjual es teh jumbo",56303,1,1,1,1,1.0
5. SQL LIKE + Preprocessing + Contoh Lapangan,44,KBJI,MENJUAL ES TEH JUMBO,"es jumbo menjual teh | +KBJI: pedagang es teh, penjaga stand minuman, penjual es teh jumbo",Asisten Penjualan Toko - mbak mbak kasir minimarket yang jaga mesin kas | Asisten Penjualan Toko - petugas toko yang menata barang sembako di rak,5223,1,1,1,1,1.0
5. SQL LIKE + Preprocessing + Contoh Lapangan,45,KBLI,JASA ANTAR UNDANGAN ACARA,"acara antar undangan | +KBLI: biro antar undangan, jasa kurir undangan, usaha jasa perorangan",-,96909,0,0,0,0,0.0
5. SQL LIKE + Preprocessing + Contoh Lapangan,46,KBJI,JASA ANTAR UNDANGAN ACARA,"acara antar undangan | +KBJI: kurir sebar undangan, pengirim undangan, tenaga antar undangan",Deskripsi tugas: jasa antar undangan acara,5169,1,1,1,1,1.0
5. SQL LIKE + Preprocessing + Contoh Lapangan,47,KBLI,JASA KONTRUKSI TUKANG BANGUNAN HARIAN,"bangunan harian kontruksi | +KBLI: jasa renovasi harian, layanan perbaikan rumah, usaha tukang borongan",KONSTRUKSI KONVENSIONAL GEDUNG HUNIAN - konstruksi bangunan tempat tinggal | KONSTRUKSI KONVENSIONAL GEDUNG HUNIAN - Membangun atau merenovasi rumah tempat tinggal (Konstruksi konvensional).,41011,1,1,1,1,1.0
5. SQL LIKE + Preprocessing + Contoh Lapangan,48,KBJI,JASA KONTRUKSI TUKANG BANGUNAN HARIAN,"bangunan harian kontruksi | +KBJI: pekerja bangunan harian, tenaga borongan, tukang bangunan lepas","Deskripsi tugas: tukang batu | Deskripsi tugas: buruh bangunan, mengaduk semen",7111,1,1,1,1,1.0
5. SQL LIKE + Preprocessing + Contoh Lapangan,49,KBLI,PEYEDIA MAKANAN SIOMAY KELILING DENGAN SEPEDA,"keliling makanan peyedia sepeda siomay | +KBLI: jualan makanan tidak tetap, produksi siomay, usaha siomay keliling",AKTIVITAS PENYEDIAAN MAKANAN DI BANGUNAN TIDAK TETAP - buka warung tegal jualan nasi sayur | AKTIVITAS PENYEDIAAN MAKANAN DI BANGUNAN TIDAK TETAP - restoran padang pinggir jalan,56102,1,1,1,1,1.0
5. SQL LIKE + Preprocessing + Contoh Lapangan,50,KBJI,PEYEDIA MAKANAN SIOMAY KELILING DENGAN SEPEDA,"keliling makanan peyedia sepeda siomay | +KBJI: pedagang siomay kayuh, penjual siomay sepeda, tukang siomay komplek",Deskripsi tugas: membuat resoles untuk dijual dipasar kampung | Deskripsi tugas: menjual botok pelas dan pecel,5212,1,1,1,1,1.0
5. SQL LIKE + Preprocessing + Contoh Lapangan,51,KBLI,"MENCAMPUR SEMEN, MENGANGKUT MATERIAL, MEMASANG BATA, PLESTER DINDING, DAN MEN","bata dinding material memasang men mencampur mengangkut plester | +KBLI: bengkel konstruksi, proyek konstruksi gedung, usaha renovasi rumah",KONSTRUKSI KONVENSIONAL GEDUNG HUNIAN - konstruksi bangunan tempat tinggal | KONSTRUKSI KONVENSIONAL GEDUNG HUNIAN - Membangun atau merenovasi rumah tempat tinggal (Konstruksi konvensional).,41011,1,1,1,1,1.0
5. SQL LIKE + Preprocessing + Contoh Lapangan,52,KBJI,"MENCAMPUR SEMEN, MENGANGKUT MATERIAL, MEMASANG BATA, PLESTER DINDING, DAN MEN","bata dinding material memasang men mencampur mengangkut plester | +KBJI: kuli aduk semen, pekerja kasar, pembantu tukang bangunan","Deskripsi tugas: tukang batu | Deskripsi tugas: buruh bangunan, mengaduk semen",7111,5,0,0,1,0.2
5. SQL LIKE + Preprocessing + Contoh Lapangan,53,KBLI,MENGOPERASIKAN DAN MEMPERBAIKI MESIN PRODUKSI DAN PERAWATAN BERKALA,"berkala memperbaiki mengoperasikan mesin perawatan produksi | +KBLI: bengkel mesin pabrik, industri perlengkapan, usaha perbaikan alat",Kegiatan mengoperasikan dan memperbaiki mesin produksi dan perawatan berkala,16101,1,1,1,1,1.0
5. SQL LIKE + Preprocessing + Contoh Lapangan,54,KBJI,MENGOPERASIKAN DAN MEMPERBAIKI MESIN PRODUKSI DAN PERAWATAN BERKALA,"berkala memperbaiki mengoperasikan mesin perawatan produksi | +KBJI: montir mesin industri, supervisor mekanik, teknisi mesin pabrik",Deskripsi tugas: mengoperasikan dan memperbaiki mesin produksi dan perawatan berkala,3122,1,1,1,1,1.0
5. SQL LIKE + Preprocessing + Contoh Lapangan,55,KBLI,PERTANIAN BAWANG MERAH MILIK ORANG LAIN,"bawang merah milik pertanian | +KBLI: kebun bawang merah, lahan bawang, lahan kebun",Kegiatan pertanian bawang merah hortikultural di sawah milik orang lain | Kegiatan pertanian bawang merah hortikultural sawah milik orang lain,01134,1,1,1,1,1.0
5. SQL LIKE + Preprocessing + Contoh Lapangan,56,KBJI,PERTANIAN BAWANG MERAH MILIK ORANG LAIN,"bawang merah milik pertanian | +KBJI: buruh harian bawang, buruh petik bawang, buruh tani",Deskripsi tugas: mencabut rumput liar di sawah(maton) | Deskripsi tugas: pertanian,9211,1,1,1,1,1.0
5. SQL LIKE + Preprocessing + Contoh Lapangan,57,KBLI,KONTRUSI RUMAH,bangunan hunian konstruksi kontrusi rumah,KONSTRUKSI KONVENSIONAL GEDUNG HUNIAN - konstruksi bangunan tempat tinggal | KONSTRUKSI KONVENSIONAL GEDUNG HUNIAN - Membangun atau merenovasi rumah tempat tinggal (Konstruksi konvensional).,41011,1,1,1,1,1.0
5. SQL LIKE + Preprocessing + Contoh Lapangan,58,KBJI,KONTRUSI RUMAH,bangunan hunian konstruksi kontrusi rumah,Deskripsi tugas: kontruksi rumah di desa | Deskripsi tugas: kontrusi rumah,7112,1,1,1,1,1.0
5. SQL LIKE + Preprocessing + Contoh Lapangan,59,KBLI,INDUSTRI AIR ISI ULANG,"air industri isi ulang | +KBLI: depot air galon, pabrik air minum, usaha air mineral",INDUSTRI AIR MINUM ISI ULANG - Memproduksi air isi ulang (dari air mineral) | Kegiatan industri air isi ulang,11052,1,1,1,1,1.0
5. SQL LIKE + Preprocessing + Contoh Lapangan,60,KBJI,INDUSTRI AIR ISI ULANG,"air industri isi ulang | +KBJI: operator isi ulang galon, pengantar air galon, penjaga depot air",Deskripsi tugas: industri air isi ulang,8183,1,1,1,1,1.0
6. Hybrid + Preprocessing + Contoh Lapangan (FINAL),1,KBLI,MENCABUT RUMPUT LIAR DI SAWAH(MATON),"liar maton mencabut pertanian rumput sawah tanaman pangan | +KBLI: lahan tani padi, sawah padi, usaha tani",PERTANIAN PADI INBRIDA - Petani yang menanam komoditas padi lokal | PERTANIAN PADI INBRIDA - Petani yang menanam bibit dan menjualnya,01122,1,1,1,1,1.0
6. Hybrid + Preprocessing + Contoh Lapangan (FINAL),2,KBJI,MENCABUT RUMPUT LIAR DI SAWAH(MATON),"liar maton mencabut pertanian rumput sawah tanaman pangan | +KBJI: buruh matun sawah, pekerja sawah, tukang cabut rumput",Deskripsi tugas: mencabut rumput liar di sawah(maton) | Deskripsi tugas: pertanian,9211,1,1,1,1,1.0
6. Hybrid + Preprocessing + Contoh Lapangan (FINAL),3,KBLI,"MEMBUAT LEMARI KACA/ ETALASE, MENGANTAR PESANAN LEMARI KACA","etalase kaca lemari membuat mengantar pesanan | +KBLI: bengkel kaca etalase, toko lemari kaca, usaha rak kaca","INDUSTRI FURNITUR DARI KAYU - Membuat Furnitur dari Kayu (meja, lemari, rak kayu). | Kegiatan membuat lemari kaca/ etalase,mengantar pesanan lemari kaca",31011,1,1,1,1,1.0
6. Hybrid + Preprocessing + Contoh Lapangan (FINAL),4,KBJI,"MEMBUAT LEMARI KACA/ ETALASE, MENGANTAR PESANAN LEMARI KACA","etalase kaca lemari membuat mengantar pesanan | +KBJI: pengrajin lemari kaca, sopir antar lemari, tukang bikin etalase","Deskripsi tugas: membuat lemari kaca/ etalase,mengantar pesanan lemari kaca",7523,1,1,1,1,1.0
6. Hybrid + Preprocessing + Contoh Lapangan (FINAL),5,KBLI,PERTANIAN,"pertanian | +KBLI: lahan kebun, sektor pertanian, usaha tani",PERTANIAN PADI INBRIDA - Petani yang menanam komoditas padi lokal | PERTANIAN PADI INBRIDA - Petani yang menanam bibit dan menjualnya,01122,0,0,0,0,0.0
6. Hybrid + Preprocessing + Contoh Lapangan (FINAL),6,KBJI,PERTANIAN,"pertanian | +KBJI: buruh tani, pekerja ladang, petani",Deskripsi tugas: mencabut rumput liar di sawah(maton) | Deskripsi tugas: pertanian,9211,0,0,0,0,0.0
6. Hybrid + Preprocessing + Contoh Lapangan (FINAL),7,KBLI,MEMBUAT RESOLES UNTUK DIJUAL DIPASAR KAMPUNG,"dijual dipasar kampung membuat resoles | +KBLI: katering gorengan, produksi risoles, usaha jajanan pasar",Kegiatan membuat resoles untuk dijual dipasar kampung,47249,1,1,1,1,1.0
6. Hybrid + Preprocessing + Contoh Lapangan (FINAL),8,KBJI,MEMBUAT RESOLES UNTUK DIJUAL DIPASAR KAMPUNG,"dijual dipasar kampung membuat resoles | +KBJI: pembuat gorengan, penjual snack, tukang masak risoles",Deskripsi tugas: membuat resoles untuk dijual dipasar kampung | Deskripsi tugas: menjual botok pelas dan pecel,5212,1,1,1,1,1.0
6. Hybrid + Preprocessing + Contoh Lapangan (FINAL),9,KBLI,MENGAJAR MATA PELAJARAN PKN DI MTS TAHASSUS ALQURAN,"alquran mata mengajar mts pelajaran pkn tahassus | +KBLI: instansi pendidikan, lembaga sekolah, sekolah mts",PENDIDIKAN MENENGAH ATAS UMUM SWASTA - Sekolah SMA / MA Swasta (Pendidikan menengah atas umum yang diselenggarakan oleh swasta). | Kegiatan mengajar mata pelajaran pkn di mts tahassus alquran,85316,1,1,1,1,1.0
6. Hybrid + Preprocessing + Contoh Lapangan (FINAL),10,KBJI,MENGAJAR MATA PELAJARAN PKN DI MTS TAHASSUS ALQURAN,"alquran mata mengajar mts pelajaran pkn tahassus | +KBJI: guru pkn, pendidik honorer, pengajar madrasah",-,2330,0,0,0,0,0.0
6. Hybrid + Preprocessing + Contoh Lapangan (FINAL),11,KBLI,"KARYAWAN BAGIAN PRODUKSI, PEMOTONGAN KAYU SESUAI UKURAN AKHIR DIPABRIK KAYU LAI",akhir dipabrik karyawan kayu lai pemotongan produksi sesuai,"Kegiatan karyawan bagian produksi ,pemotongan kayu sesuai ukuran akhir dipabrik kayu lapis",16211,2,0,1,1,0.5
6. Hybrid + Preprocessing + Contoh Lapangan (FINAL),12,KBJI,"KARYAWAN BAGIAN PRODUKSI, PEMOTONGAN KAYU SESUAI UKURAN AKHIR DIPABRIK KAYU LAI",akhir dipabrik karyawan kayu lai pemotongan produksi sesuai,"Deskripsi tugas: karyawan bagian produksi ,pemotongan kayu sesuai ukuran akhir dipabrik kayu lapis",9329,1,1,1,1,1.0
6. Hybrid + Preprocessing + Contoh Lapangan (FINAL),13,KBLI,PERTANIAN PADI,"padi pertanian | +KBLI: lahan kebun, lahan sawah padi, pertanian pangan",PERTANIAN PADI INBRIDA - Petani yang menanam komoditas padi lokal | PERTANIAN PADI INBRIDA - Petani yang menanam bibit dan menjualnya,01122,2,0,1,1,0.5
6. Hybrid + Preprocessing + Contoh Lapangan (FINAL),14,KBJI,PERTANIAN PADI,"padi pertanian | +KBJI: buruh tanam padi, buruh tani, pekerja ladang",Pekerja Pertanian Tanaman Pangan Dan Tanaman Semusim - orang yang macul tanah nanam padi di sawah | Pekerja Pertanian Tanaman Pangan Dan Tanaman Semusim - tukang cabut rumput liar di lahan jagung,6111,4,0,0,1,0.25
6. Hybrid + Preprocessing + Contoh Lapangan (FINAL),15,KBLI,PERTANIAN BAWANG MERAH HORTIKULTURAL DI SAWAH MILIK ORANG LAIN,"bawang hortikultural merah milik pertanian sawah tanaman pangan | +KBLI: kebun bawang merah, lahan bawang, lahan kebun",Kegiatan pertanian bawang merah hortikultural di sawah milik orang lain | Kegiatan pertanian bawang merah hortikultural sawah milik orang lain,01134,1,1,1,1,1.0
6. Hybrid + Preprocessing + Contoh Lapangan (FINAL),16,KBJI,PERTANIAN BAWANG MERAH HORTIKULTURAL DI SAWAH MILIK ORANG LAIN,"bawang hortikultural merah milik pertanian sawah tanaman pangan | +KBJI: buruh harian bawang, buruh petik bawang, buruh tani",Deskripsi tugas: mencabut rumput liar di sawah(maton) | Deskripsi tugas: pertanian,9211,0,0,0,0,0.0
6. Hybrid + Preprocessing + Contoh Lapangan (FINAL),17,KBLI,KONTRUKSI RUMAH DI DESA,"bangunan desa hunian konstruksi kontruksi rumah | +KBLI: jasa bangun rumah, kontraktor kampung, proyek bangun rumah",KONSTRUKSI KONVENSIONAL GEDUNG HUNIAN - konstruksi bangunan tempat tinggal | KONSTRUKSI KONVENSIONAL GEDUNG HUNIAN - Membangun atau merenovasi rumah tempat tinggal (Konstruksi konvensional).,41011,1,1,1,1,1.0
6. Hybrid + Preprocessing + Contoh Lapangan (FINAL),18,KBJI,KONTRUKSI RUMAH DI DESA,"bangunan desa hunian konstruksi kontruksi rumah | +KBJI: kepala tukang, kuli bangunan proyek, tukang bangunan rumah",Deskripsi tugas: kontruksi rumah di desa | Deskripsi tugas: kontrusi rumah,7112,1,1,1,1,1.0
6. Hybrid + Preprocessing + Contoh Lapangan (FINAL),19,KBLI,PERDAGANGAN BARANG BEKAS UNTUK DIJUAL LAGI,"barang bekas dijual lagi perdagangan | +KBLI: lapak loak, toko barang bekas, usaha jual beli second",Kegiatan perdagangan barang bekas untuk dijual lagi,47749,1,1,1,1,1.0
6. Hybrid + Preprocessing + Contoh Lapangan (FINAL),20,KBJI,PERDAGANGAN BARANG BEKAS UNTUK DIJUAL LAGI,"barang bekas dijual lagi perdagangan | +KBJI: bakul loak, pedagang barang second, penjual barang bekas",Deskripsi tugas: perdagangan barang bekas untuk dijual lagi | Deskripsi tugas: pedagang motor di rumah sendiri,5249,1,1,1,1,1.0
6. Hybrid + Preprocessing + Contoh Lapangan (FINAL),21,KBLI,PEDAGANG MOTOR DI RUMAH SENDIRI,"bangunan bermotor hunian kendaraan konstruksi motor roda dua rumah | +KBLI: bisnis motor second, jual beli motor bekas, showroom motor rumahan",Kegiatan pedagang motor di rumah sendiri,47832,1,1,1,1,1.0
6. Hybrid + Preprocessing + Contoh Lapangan (FINAL),22,KBJI,PEDAGANG MOTOR DI RUMAH SENDIRI,"bangunan bermotor hunian kendaraan konstruksi motor roda dua rumah | +KBJI: makelar motor bekas, pedagang motor rumah, penjual sepeda motor",Deskripsi tugas: perdagangan barang bekas untuk dijual lagi | Deskripsi tugas: pedagang motor di rumah sendiri,5249,1,1,1,1,1.0
6. Hybrid + Preprocessing + Contoh Lapangan (FINAL),23,KBLI,JASA TRANSPORTASI,"transportasi | +KBLI: armada transportasi, jasa pengiriman logistik, usaha angkutan barang",Kegiatan jasa transportasi,49231,2,0,1,1,0.5
6. Hybrid + Preprocessing + Contoh Lapangan (FINAL),24,KBJI,JASA TRANSPORTASI,"transportasi | +KBJI: driver logistik, pengemudi antar barang, sopir truk angkutan","Pengemudi Mobil, Taksi dan Van - supir angkut pesanan lemari kaca pakai mobil carry | Pengemudi Mobil, Taksi dan Van - driver taksi online narik penumpang",8322,0,0,0,0,0.0
6. Hybrid + Preprocessing + Contoh Lapangan (FINAL),25,KBLI,PENYEDIA BHAN BAKU MAKANAN,baku bhan makanan penyedia,Kegiatan penyedia bhan baku makanan,47213,1,1,1,1,1.0
6. Hybrid + Preprocessing + Contoh Lapangan (FINAL),26,KBJI,PENYEDIA BHAN BAKU MAKANAN,baku bhan makanan penyedia,Deskripsi tugas: penyedia bhan baku makanan,9520,1,1,1,1,1.0
6. Hybrid + Preprocessing + Contoh Lapangan (FINAL),27,KBLI,TUKANG BATU,"batu | +KBLI: jasa pengerjaan batu, proyek bangunan fisik, usaha renovasi",KONSTRUKSI KONVENSIONAL GEDUNG HUNIAN - konstruksi bangunan tempat tinggal | KONSTRUKSI KONVENSIONAL GEDUNG HUNIAN - Membangun atau merenovasi rumah tempat tinggal (Konstruksi konvensional).,41011,0,0,0,0,0.0
6. Hybrid + Preprocessing + Contoh Lapangan (FINAL),28,KBJI,TUKANG BATU,"batu | +KBJI: pekerja bangunan batu, tukang batu konstruksi, tukang plester","Deskripsi tugas: tukang batu | Deskripsi tugas: buruh bangunan, mengaduk semen",7111,0,0,0,0,0.0
6. Hybrid + Preprocessing + Contoh Lapangan (FINAL),29,KBLI,PERTANIAN BAWANG MERAH HORTIKULTURAL SAWAH MILIK ORANG LAIN,"bawang hortikultural merah milik pertanian sawah tanaman pangan | +KBLI: kebun bawang merah, lahan bawang, lahan kebun",Kegiatan pertanian bawang merah hortikultural di sawah milik orang lain | Kegiatan pertanian bawang merah hortikultural sawah milik orang lain,01134,1,1,1,1,1.0
6. Hybrid + Preprocessing + Contoh Lapangan (FINAL),30,KBJI,PERTANIAN BAWANG MERAH HORTIKULTURAL SAWAH MILIK ORANG LAIN,"bawang hortikultural merah milik pertanian sawah tanaman pangan | +KBJI: buruh harian bawang, buruh petik bawang, buruh tani",Deskripsi tugas: mencabut rumput liar di sawah(maton) | Deskripsi tugas: pertanian,9211,0,0,0,0,0.0
6. Hybrid + Preprocessing + Contoh Lapangan (FINAL),31,KBLI,PERTANIAN PADI DI SAWAH MILIK SENDIRI,"milik padi pertanian sawah sendiri tanaman pangan | +KBLI: lahan kebun, lahan sawah padi, pertanian pangan",PERTANIAN PADI INBRIDA - Petani yang menanam komoditas padi lokal | PERTANIAN PADI INBRIDA - Petani yang menanam bibit dan menjualnya,01122,1,1,1,1,1.0
6. Hybrid + Preprocessing + Contoh Lapangan (FINAL),32,KBJI,PERTANIAN PADI DI SAWAH MILIK SENDIRI,"milik padi pertanian sawah sendiri tanaman pangan | +KBJI: buruh tanam padi, buruh tani, pekerja ladang",Pekerja Pertanian Tanaman Pangan Dan Tanaman Semusim - orang yang macul tanah nanam padi di sawah | Pekerja Pertanian Tanaman Pangan Dan Tanaman Semusim - tukang cabut rumput liar di lahan jagung,6111,3,0,1,1,0.3333
6. Hybrid + Preprocessing + Contoh Lapangan (FINAL),33,KBLI,BURUH (PELAYAN DI TOKO KLONTONG),"buruh eceran kelontong klontong manisan pelayan toko | +KBLI: retail kelontong, toko kebutuhan harian, warung kelontong sembako","PERDAGANGAN ECERAN BERBAGAI MACAM BARANG YANG UTAMANYA MAKANAN, MINUMAN, ATAU TEMBAKAU SELAIN DENGAN SISTEM SWALAYAN - Warung Sembako (Perdagangan eceran barang kebutuhan pokok bukan swalayan). | Kegiatan buruh (pelayan di toko klontong)",47112,1,1,1,1,1.0
6. Hybrid + Preprocessing + Contoh Lapangan (FINAL),34,KBJI,BURUH (PELAYAN DI TOKO KLONTONG),"buruh eceran kelontong klontong manisan pelayan toko | +KBJI: asisten penjualan, pelayan toko sembako, penjaga warung kelontong",Asisten Penjualan Toko - mbak mbak kasir minimarket yang jaga mesin kas | Asisten Penjualan Toko - petugas toko yang menata barang sembako di rak,5223,1,1,1,1,1.0
6. Hybrid + Preprocessing + Contoh Lapangan (FINAL),35,KBLI,MENCUCI MOTOR DAN MOBIL,"angkutan bermotor kendaraan mencuci mobil motor roda dua | +KBLI: bisnis motor second, jual beli motor bekas, showroom motor rumahan",Kegiatan mencuci motor dan mobil,81290,1,1,1,1,1.0
6. Hybrid + Preprocessing + Contoh Lapangan (FINAL),36,KBJI,MENCUCI MOTOR DAN MOBIL,"angkutan bermotor kendaraan mencuci mobil motor roda dua | +KBJI: makelar motor bekas, pedagang motor rumah, penjual sepeda motor",Deskripsi tugas: mencuci motor dan mobil,9122,1,1,1,1,1.0
6. Hybrid + Preprocessing + Contoh Lapangan (FINAL),37,KBLI,MENJUAL BOTOK PELAS DAN PECEL,"botok menjual pecel pelas | +KBLI: kedai nasi pecel, usaha kuliner tradisional, warung pecel botok",Rumah makan yang menyediakan layanan prasmanan atau menu lengkap dengan area makan yang luas untuk tamu. | Kegiatan menjual botok pelas dan pecel,56101,1,1,1,1,1.0
6. Hybrid + Preprocessing + Contoh Lapangan (FINAL),38,KBJI,MENJUAL BOTOK PELAS DAN PECEL,"botok menjual pecel pelas | +KBJI: pedagang botok keliling, penjual nasi pecel, penjual pecel pelas",Deskripsi tugas: membuat resoles untuk dijual dipasar kampung | Deskripsi tugas: menjual botok pelas dan pecel,5212,1,1,1,1,1.0
6. Hybrid + Preprocessing + Contoh Lapangan (FINAL),39,KBLI,PENYEDIAAN MAKANAN,"makanan penyediaan | +KBLI: bisnis makanan siap saji, industri jasa boga, katering acara","AKTIVITAS JASA BOGA UNTUK ACARA TERTENTU (EVENT CATERING) - Katering makanan untuk aneka acara (Event Catering),. | Kegiatan penyediaan makanan",56210,1,1,1,1,1.0
6. Hybrid + Preprocessing + Contoh Lapangan (FINAL),40,KBJI,PENYEDIAAN MAKANAN,"makanan penyediaan | +KBJI: juru masak katering, koki pelayanan, staf makanan katering",Juru Bantu Dapur - karyawan bagian cuci piring di restoran | Juru Bantu Dapur - tukang kupas bawang dan potong sayur di dapur rumah makan,9412,1,1,1,1,1.0
6. Hybrid + Preprocessing + Contoh Lapangan (FINAL),41,KBLI,"BURUH BANGUNAN, MENGADUK SEMEN","bangunan buruh mengaduk semen | +KBLI: bengkel konstruksi, jasa renovasi harian, layanan perbaikan rumah",KONSTRUKSI KONVENSIONAL GEDUNG HUNIAN - konstruksi bangunan tempat tinggal | KONSTRUKSI KONVENSIONAL GEDUNG HUNIAN - Membangun atau merenovasi rumah tempat tinggal (Konstruksi konvensional).,41011,1,1,1,1,1.0
6. Hybrid + Preprocessing + Contoh Lapangan (FINAL),42,KBJI,"BURUH BANGUNAN, MENGADUK SEMEN","bangunan buruh mengaduk semen | +KBJI: kuli aduk semen, pekerja bangunan harian, pekerja kasar","Deskripsi tugas: tukang batu | Deskripsi tugas: buruh bangunan, mengaduk semen",7111,2,0,1,1,0.5
6. Hybrid + Preprocessing + Contoh Lapangan (FINAL),43,KBLI,MENJUAL ES TEH JUMBO,"es jumbo menjual teh | +KBLI: franchise es teh, kedai minuman es teh, stand es teh jumbo","AKTIVITAS RUMAH MINUM/KAFE - Kedai es teh jumbo atau Warung Kopi pinggir jalan (Rumah Minum/Kafe),. | Kegiatan menjual es teh jumbo",56303,1,1,1,1,1.0
6. Hybrid + Preprocessing + Contoh Lapangan (FINAL),44,KBJI,MENJUAL ES TEH JUMBO,"es jumbo menjual teh | +KBJI: pedagang es teh, penjaga stand minuman, penjual es teh jumbo",Asisten Penjualan Toko - mbak mbak kasir minimarket yang jaga mesin kas | Asisten Penjualan Toko - petugas toko yang menata barang sembako di rak,5223,1,1,1,1,1.0
6. Hybrid + Preprocessing + Contoh Lapangan (FINAL),45,KBLI,JASA ANTAR UNDANGAN ACARA,"acara antar undangan | +KBLI: biro antar undangan, jasa kurir undangan, usaha jasa perorangan",-,96909,0,0,0,0,0.0
6. Hybrid + Preprocessing + Contoh Lapangan (FINAL),46,KBJI,JASA ANTAR UNDANGAN ACARA,"acara antar undangan | +KBJI: kurir sebar undangan, pengirim undangan, tenaga antar undangan",Deskripsi tugas: jasa antar undangan acara,5169,1,1,1,1,1.0
6. Hybrid + Preprocessing + Contoh Lapangan (FINAL),47,KBLI,JASA KONTRUKSI TUKANG BANGUNAN HARIAN,"bangunan harian kontruksi | +KBLI: jasa renovasi harian, layanan perbaikan rumah, usaha tukang borongan",KONSTRUKSI KONVENSIONAL GEDUNG HUNIAN - konstruksi bangunan tempat tinggal | KONSTRUKSI KONVENSIONAL GEDUNG HUNIAN - Membangun atau merenovasi rumah tempat tinggal (Konstruksi konvensional).,41011,1,1,1,1,1.0
6. Hybrid + Preprocessing + Contoh Lapangan (FINAL),48,KBJI,JASA KONTRUKSI TUKANG BANGUNAN HARIAN,"bangunan harian kontruksi | +KBJI: pekerja bangunan harian, tenaga borongan, tukang bangunan lepas","Deskripsi tugas: tukang batu | Deskripsi tugas: buruh bangunan, mengaduk semen",7111,1,1,1,1,1.0
6. Hybrid + Preprocessing + Contoh Lapangan (FINAL),49,KBLI,PEYEDIA MAKANAN SIOMAY KELILING DENGAN SEPEDA,"keliling makanan peyedia sepeda siomay | +KBLI: jualan makanan tidak tetap, produksi siomay, usaha siomay keliling",AKTIVITAS PENYEDIAAN MAKANAN DI BANGUNAN TIDAK TETAP - buka warung tegal jualan nasi sayur | AKTIVITAS PENYEDIAAN MAKANAN DI BANGUNAN TIDAK TETAP - restoran padang pinggir jalan,56102,1,1,1,1,1.0
6. Hybrid + Preprocessing + Contoh Lapangan (FINAL),50,KBJI,PEYEDIA MAKANAN SIOMAY KELILING DENGAN SEPEDA,"keliling makanan peyedia sepeda siomay | +KBJI: pedagang siomay kayuh, penjual siomay sepeda, tukang siomay komplek",Deskripsi tugas: membuat resoles untuk dijual dipasar kampung | Deskripsi tugas: menjual botok pelas dan pecel,5212,1,1,1,1,1.0
6. Hybrid + Preprocessing + Contoh Lapangan (FINAL),51,KBLI,"MENCAMPUR SEMEN, MENGANGKUT MATERIAL, MEMASANG BATA, PLESTER DINDING, DAN MEN","bata dinding material memasang men mencampur mengangkut plester | +KBLI: bengkel konstruksi, proyek konstruksi gedung, usaha renovasi rumah",KONSTRUKSI KONVENSIONAL GEDUNG HUNIAN - konstruksi bangunan tempat tinggal | KONSTRUKSI KONVENSIONAL GEDUNG HUNIAN - Membangun atau merenovasi rumah tempat tinggal (Konstruksi konvensional).,41011,1,1,1,1,1.0
6. Hybrid + Preprocessing + Contoh Lapangan (FINAL),52,KBJI,"MENCAMPUR SEMEN, MENGANGKUT MATERIAL, MEMASANG BATA, PLESTER DINDING, DAN MEN","bata dinding material memasang men mencampur mengangkut plester | +KBJI: kuli aduk semen, pekerja kasar, pembantu tukang bangunan","Deskripsi tugas: tukang batu | Deskripsi tugas: buruh bangunan, mengaduk semen",7111,2,0,1,1,0.5
6. Hybrid + Preprocessing + Contoh Lapangan (FINAL),53,KBLI,MENGOPERASIKAN DAN MEMPERBAIKI MESIN PRODUKSI DAN PERAWATAN BERKALA,"berkala memperbaiki mengoperasikan mesin perawatan produksi | +KBLI: bengkel mesin pabrik, industri perlengkapan, usaha perbaikan alat",Kegiatan mengoperasikan dan memperbaiki mesin produksi dan perawatan berkala,16101,1,1,1,1,1.0
6. Hybrid + Preprocessing + Contoh Lapangan (FINAL),54,KBJI,MENGOPERASIKAN DAN MEMPERBAIKI MESIN PRODUKSI DAN PERAWATAN BERKALA,"berkala memperbaiki mengoperasikan mesin perawatan produksi | +KBJI: montir mesin industri, supervisor mekanik, teknisi mesin pabrik",Deskripsi tugas: mengoperasikan dan memperbaiki mesin produksi dan perawatan berkala,3122,1,1,1,1,1.0
6. Hybrid + Preprocessing + Contoh Lapangan (FINAL),55,KBLI,PERTANIAN BAWANG MERAH MILIK ORANG LAIN,"bawang merah milik pertanian | +KBLI: kebun bawang merah, lahan bawang, lahan kebun",Kegiatan pertanian bawang merah hortikultural di sawah milik orang lain | Kegiatan pertanian bawang merah hortikultural sawah milik orang lain,01134,1,1,1,1,1.0
6. Hybrid + Preprocessing + Contoh Lapangan (FINAL),56,KBJI,PERTANIAN BAWANG MERAH MILIK ORANG LAIN,"bawang merah milik pertanian | +KBJI: buruh harian bawang, buruh petik bawang, buruh tani",Deskripsi tugas: mencabut rumput liar di sawah(maton) | Deskripsi tugas: pertanian,9211,0,0,0,0,0.0
6. Hybrid + Preprocessing + Contoh Lapangan (FINAL),57,KBLI,KONTRUSI RUMAH,bangunan hunian konstruksi kontrusi rumah,KONSTRUKSI KONVENSIONAL GEDUNG HUNIAN - konstruksi bangunan tempat tinggal | KONSTRUKSI KONVENSIONAL GEDUNG HUNIAN - Membangun atau merenovasi rumah tempat tinggal (Konstruksi konvensional).,41011,1,1,1,1,1.0
6. Hybrid + Preprocessing + Contoh Lapangan (FINAL),58,KBJI,KONTRUSI RUMAH,bangunan hunian konstruksi kontrusi rumah,Deskripsi tugas: kontruksi rumah di desa | Deskripsi tugas: kontrusi rumah,7112,1,1,1,1,1.0
6. Hybrid + Preprocessing + Contoh Lapangan (FINAL),59,KBLI,INDUSTRI AIR ISI ULANG,"air industri isi ulang | +KBLI: depot air galon, pabrik air minum, usaha air mineral",INDUSTRI AIR MINUM ISI ULANG - Memproduksi air isi ulang (dari air mineral) | Kegiatan industri air isi ulang,11052,1,1,1,1,1.0
6. Hybrid + Preprocessing + Contoh Lapangan (FINAL),60,KBJI,INDUSTRI AIR ISI ULANG,"air industri isi ulang | +KBJI: operator isi ulang galon, pengantar air galon, penjaga depot air",Deskripsi tugas: industri air isi ulang,8183,1,1,1,1,1.0
